Workbook

Sheet Kopsavilkums
A1: WhatsApp 2026 → WorksRecorded pirmsimporta pārskats
A2: Organizācija: 58467603-196e-4661-83ff-fe26e4b0ff0b | Avots saglabāts un nekas nav importēts.
A4: Piedāvātie ieraksti | B4: =COUNTA('Vietņu ieraksti'!A5:A493) -> 489 | D4: Projekti | E4: =COUNTA(Projekti!A5:A130) -> 126 | G4: Kopā m² | H4: =SUM('Vietņu ieraksti'!H5:H493) -> 78535.28
A5: Jāpārskata | B5: =COUNTA(Pārskatīšana!A5:A213) -> 209 | D5: Ar multividi | E5: =SUMPRODUCT(--(LEN('Vietņu ieraksti'!R5:R493)>0)) -> 181 | G5: Avota ziņas | H5: =COUNTA('Avota ziņas'!A5:A663) -> 659
A7: Mēnesis | B7: Ieraksti | C7: Kopā m² | D7: Jāpārskata | E7: Ar multividi
A8: janvāris | B8: =COUNTIFS('Vietņu ieraksti'!B5:B493,">="&DATE(2026,1,1),'Vietņu ieraksti'!B5:B493,"<"&DATE(2026,2,1)) -> 37 | C8: =SUMIFS('Vietņu ieraksti'!H5:H493,'Vietņu ieraksti'!B5:B493,">="&DATE(2026,1,1),'Vietņu ieraksti'!B5:B493,"<"&DATE(2026,2,1)) -> 7570 | D8: =COUNTIFS(Pārskatīšana!B5:B213,">="&DATE(2026,1,1),Pārskatīšana!B5:B213,"<"&DATE(2026,2,1)) -> 6 | E8: =SUMPRODUCT(--('Vietņu ieraksti'!B5:B493>=DATE(2026,1,1)),--('Vietņu ieraksti'!B5:B493<DATE(2026,2,1)),--(LEN('Vietņu ieraksti'!R5:R493)>0)) -> 4
A9: februāris | B9: =COUNTIFS('Vietņu ieraksti'!B5:B493,">="&DATE(2026,2,1),'Vietņu ieraksti'!B5:B493,"<"&DATE(2026,3,1)) -> 100 | C9: =SUMIFS('Vietņu ieraksti'!H5:H493,'Vietņu ieraksti'!B5:B493,">="&DATE(2026,2,1),'Vietņu ieraksti'!B5:B493,"<"&DATE(2026,3,1)) -> 19010 | D9: =COUNTIFS(Pārskatīšana!B5:B213,">="&DATE(2026,2,1),Pārskatīšana!B5:B213,"<"&DATE(2026,3,1)) -> 45 | E9: =SUMPRODUCT(--('Vietņu ieraksti'!B5:B493>=DATE(2026,2,1)),--('Vietņu ieraksti'!B5:B493<DATE(2026,3,1)),--(LEN('Vietņu ieraksti'!R5:R493)>0)) -> 70
A10: marts | B10: =COUNTIFS('Vietņu ieraksti'!B5:B493,">="&DATE(2026,3,1),'Vietņu ieraksti'!B5:B493,"<"&DATE(2026,4,1)) -> 85 | C10: =SUMIFS('Vietņu ieraksti'!H5:H493,'Vietņu ieraksti'!B5:B493,">="&DATE(2026,3,1),'Vietņu ieraksti'!B5:B493,"<"&DATE(2026,4,1)) -> 16887 | D10: =COUNTIFS(Pārskatīšana!B5:B213,">="&DATE(2026,3,1),Pārskatīšana!B5:B213,"<"&DATE(2026,4,1)) -> 30 | E10: =SUMPRODUCT(--('Vietņu ieraksti'!B5:B493>=DATE(2026,3,1)),--('Vietņu ieraksti'!B5:B493<DATE(2026,4,1)),--(LEN('Vietņu ieraksti'!R5:R493)>0)) -> 44
A11: aprīlis | B11: =COUNTIFS('Vietņu ieraksti'!B5:B493,">="&DATE(2026,4,1),'Vietņu ieraksti'!B5:B493,"<"&DATE(2026,5,1)) -> 67 | C11: =SUMIFS('Vietņu ieraksti'!H5:H493,'Vietņu ieraksti'!B5:B493,">="&DATE(2026,4,1),'Vietņu ieraksti'!B5:B493,"<"&DATE(2026,5,1)) -> 9869 | D11: =COUNTIFS(Pārskatīšana!B5:B213,">="&DATE(2026,4,1),Pārskatīšana!B5:B213,"<"&DATE(2026,5,1)) -> 31 | E11: =SUMPRODUCT(--('Vietņu ieraksti'!B5:B493>=DATE(2026,4,1)),--('Vietņu ieraksti'!B5:B493<DATE(2026,5,1)),--(LEN('Vietņu ieraksti'!R5:R493)>0)) -> 25
A12: maijs | B12: =COUNTIFS('Vietņu ieraksti'!B5:B493,">="&DATE(2026,5,1),'Vietņu ieraksti'!B5:B493,"<"&DATE(2026,6,1)) -> 65 | C12: =SUMIFS('Vietņu ieraksti'!H5:H493,'Vietņu ieraksti'!B5:B493,">="&DATE(2026,5,1),'Vietņu ieraksti'!B5:B493,"<"&DATE(2026,6,1)) -> 7552.28 | D12: =COUNTIFS(Pārskatīšana!B5:B213,">="&DATE(2026,5,1),Pārskatīšana!B5:B213,"<"&DATE(2026,6,1)) -> 27 | E12: =SUMPRODUCT(--('Vietņu ieraksti'!B5:B493>=DATE(2026,5,1)),--('Vietņu ieraksti'!B5:B493<DATE(2026,6,1)),--(LEN('Vietņu ieraksti'!R5:R493)>0)) -> 15
A13: jūnijs | B13: =COUNTIFS('Vietņu ieraksti'!B5:B493,">="&DATE(2026,6,1),'Vietņu ieraksti'!B5:B493,"<"&DATE(2026,7,1)) -> 38 | C13: =SUMIFS('Vietņu ieraksti'!H5:H493,'Vietņu ieraksti'!B5:B493,">="&DATE(2026,6,1),'Vietņu ieraksti'!B5:B493,"<"&DATE(2026,7,1)) -> 5466 | D13: =COUNTIFS(Pārskatīšana!B5:B213,">="&DATE(2026,6,1),Pārskatīšana!B5:B213,"<"&DATE(2026,7,1)) -> 17 | E13: =SUMPRODUCT(--('Vietņu ieraksti'!B5:B493>=DATE(2026,6,1)),--('Vietņu ieraksti'!B5:B493<DATE(2026,7,1)),--(LEN('Vietņu ieraksti'!R5:R493)>0)) -> 7
A14: jūlijs | B14: =COUNTIFS('Vietņu ieraksti'!B5:B493,">="&DATE(2026,7,1),'Vietņu ieraksti'!B5:B493,"<"&DATE(2026,8,1)) -> 43 | C14: =SUMIFS('Vietņu ieraksti'!H5:H493,'Vietņu ieraksti'!B5:B493,">="&DATE(2026,7,1),'Vietņu ieraksti'!B5:B493,"<"&DATE(2026,8,1)) -> 4335 | D14: =COUNTIFS(Pārskatīšana!B5:B213,">="&DATE(2026,7,1),Pārskatīšana!B5:B213,"<"&DATE(2026,8,1)) -> 25 | E14: =SUMPRODUCT(--('Vietņu ieraksti'!B5:B493>=DATE(2026,7,1)),--('Vietņu ieraksti'!B5:B493<DATE(2026,8,1)),--(LEN('Vietņu ieraksti'!R5:R493)>0)) -> 6
A15: augusts | B15: =COUNTIFS('Vietņu ieraksti'!B5:B493,">="&DATE(2026,8,1),'Vietņu ieraksti'!B5:B493,"<"&DATE(2026,9,1)) -> 51 | C15: =SUMIFS('Vietņu ieraksti'!H5:H493,'Vietņu ieraksti'!B5:B493,">="&DATE(2026,8,1),'Vietņu ieraksti'!B5:B493,"<"&DATE(2026,9,1)) -> 7521 | D15: =COUNTIFS(Pārskatīšana!B5:B213,">="&DATE(2026,8,1),Pārskatīšana!B5:B213,"<"&DATE(2026,9,1)) -> 27 | E15: =SUMPRODUCT(--('Vietņu ieraksti'!B5:B493>=DATE(2026,8,1)),--('Vietņu ieraksti'!B5:B493<DATE(2026,9,1)),--(LEN('Vietņu ieraksti'!R5:R493)>0)) -> 8
A16: septembris | B16: =COUNTIFS('Vietņu ieraksti'!B5:B493,">="&DATE(2026,9,1),'Vietņu ieraksti'!B5:B493,"<"&DATE(2026,10,1)) -> 3 | C16: =SUMIFS('Vietņu ieraksti'!H5:H493,'Vietņu ieraksti'!B5:B493,">="&DATE(2026,9,1),'Vietņu ieraksti'!B5:B493,"<"&DATE(2026,10,1)) -> 325 | D16: =COUNTIFS(Pārskatīšana!B5:B213,">="&DATE(2026,9,1),Pārskatīšana!B5:B213,"<"&DATE(2026,10,1)) -> 1 | E16: =SUMPRODUCT(--('Vietņu ieraksti'!B5:B493>=DATE(2026,9,1)),--('Vietņu ieraksti'!B5:B493<DATE(2026,10,1)),--(LEN('Vietņu ieraksti'!R5:R493)>0)) -> 2
A17: oktobris | B17: =COUNTIFS('Vietņu ieraksti'!B5:B493,">="&DATE(2026,10,1),'Vietņu ieraksti'!B5:B493,"<"&DATE(2026,11,1)) -> 0 | C17: =SUMIFS('Vietņu ieraksti'!H5:H493,'Vietņu ieraksti'!B5:B493,">="&DATE(2026,10,1),'Vietņu ieraksti'!B5:B493,"<"&DATE(2026,11,1)) -> 0 | D17: =COUNTIFS(Pārskatīšana!B5:B213,">="&DATE(2026,10,1),Pārskatīšana!B5:B213,"<"&DATE(2026,11,1)) -> 0 | E17: =SUMPRODUCT(--('Vietņu ieraksti'!B5:B493>=DATE(2026,10,1)),--('Vietņu ieraksti'!B5:B493<DATE(2026,11,1)),--(LEN('Vietņu ieraksti'!R5:R493)>0)) -> 0
A18: novembris | B18: =COUNTIFS('Vietņu ieraksti'!B5:B493,">="&DATE(2026,11,1),'Vietņu ieraksti'!B5:B493,"<"&DATE(2026,12,1)) -> 0 | C18: =SUMIFS('Vietņu ieraksti'!H5:H493,'Vietņu ieraksti'!B5:B493,">="&DATE(2026,11,1),'Vietņu ieraksti'!B5:B493,"<"&DATE(2026,12,1)) -> 0 | D18: =COUNTIFS(Pārskatīšana!B5:B213,">="&DATE(2026,11,1),Pārskatīšana!B5:B213,"<"&DATE(2026,12,1)) -> 0 | E18: =SUMPRODUCT(--('Vietņu ieraksti'!B5:B493>=DATE(2026,11,1)),--('Vietņu ieraksti'!B5:B493<DATE(2026,12,1)),--(LEN('Vietņu ieraksti'!R5:R493)>0)) -> 0
A19: decembris | B19: =COUNTIFS('Vietņu ieraksti'!B5:B493,">="&DATE(2026,12,1),'Vietņu ieraksti'!B5:B493,"<"&DATE(2027,1,1)) -> 0 | C19: =SUMIFS('Vietņu ieraksti'!H5:H493,'Vietņu ieraksti'!B5:B493,">="&DATE(2026,12,1),'Vietņu ieraksti'!B5:B493,"<"&DATE(2027,1,1)) -> 0 | D19: =COUNTIFS(Pārskatīšana!B5:B213,">="&DATE(2026,12,1),Pārskatīšana!B5:B213,"<"&DATE(2027,1,1)) -> 0 | E19: =SUMPRODUCT(--('Vietņu ieraksti'!B5:B493>=DATE(2026,12,1)),--('Vietņu ieraksti'!B5:B493<DATE(2027,1,1)),--(LEN('Vietņu ieraksti'!R5:R493)>0)) -> 0
A21: Pārliecība | B21: Ieraksti
A22: Augsta | B22: =COUNTIF('Vietņu ieraksti'!T5:T493,A22) -> 280
A23: Vidēja | B23: =COUNTIF('Vietņu ieraksti'!T5:T493,A23) -> 159
A24: Zema | B24: =COUNTIF('Vietņu ieraksti'!T5:T493,A24) -> 50

Sheet Projekti
A1: 2026. gada projekti un nosaukumu grupējums
A2: Pārbaudiet aliasus un WorksRecorded atbilstību. Projekta nosaukums nav automātiski izveidots sistēmā.
A4: Projekts | B4: Avota nosaukumi / aliasi | C4: Ieraksti | D4: Kopā m² | E4: Pirmais datums | F4: Pēdējais datums | G4: Jāpārskata | H4: Ar multividi | I4: Esošs WorksRecorded projekts | J4: Darbība pirms importa
A5: Uriekstes iela 42B | B5: Uiriekstes iela 42B | Uriekstes 42B | Uriekstes iela | Uriekstes iela 42 B | Uriekstes iela 42B | C5: =COUNTIF('Vietņu ieraksti'!E5:E493,A5) -> 56 | D5: =SUMIF('Vietņu ieraksti'!E5:E493,A5,'Vietņu ieraksti'!H5:H493) -> 8019 | E5: =_xlfn.MINIFS('Vietņu ieraksti'!B5:B493,'Vietņu ieraksti'!E5:E493,A5) -> 46090 | F5: =_xlfn.MAXIFS('Vietņu ieraksti'!B5:B493,'Vietņu ieraksti'!E5:E493,A5) -> 46204 | G5: =COUNTIF(Pārskatīšana!C5:C213,A5) -> 19 | H5: =SUMPRODUCT(--('Vietņu ieraksti'!E5:E493=A5),--(LEN('Vietņu ieraksti'!R5:R493)>0)) -> 26 | J5: Apstiprināt / izveidot
A6: Barona iela 119 | B6: Barona | Barona iela | Barona iela 119 | Barona iela veselības centrs | Barona iela119 | C6: =COUNTIF('Vietņu ieraksti'!E5:E493,A6) -> 41 | D6: =SUMIF('Vietņu ieraksti'!E5:E493,A6,'Vietņu ieraksti'!H5:H493) -> 7726 | E6: =_xlfn.MINIFS('Vietņu ieraksti'!B5:B493,'Vietņu ieraksti'!E5:E493,A6) -> 46027 | F6: =_xlfn.MAXIFS('Vietņu ieraksti'!B5:B493,'Vietņu ieraksti'!E5:E493,A6) -> 46114 | G6: =COUNTIF(Pārskatīšana!C5:C213,A6) -> 14 | H6: =SUMPRODUCT(--('Vietņu ieraksti'!E5:E493=A6),--(LEN('Vietņu ieraksti'!R5:R493)>0)) -> 24 | J6: Apstiprināt / izveidot
A7: Dārzciema iela 86 | B7: Dārzciema iela 86 | Dārzciema ielā 86 | C7: =COUNTIF('Vietņu ieraksti'!E5:E493,A7) -> 39 | D7: =SUMIF('Vietņu ieraksti'!E5:E493,A7,'Vietņu ieraksti'!H5:H493) -> 7830 | E7: =_xlfn.MINIFS('Vietņu ieraksti'!B5:B493,'Vietņu ieraksti'!E5:E493,A7) -> 46057 | F7: =_xlfn.MAXIFS('Vietņu ieraksti'!B5:B493,'Vietņu ieraksti'!E5:E493,A7) -> 46144 | G7: =COUNTIF(Pārskatīšana!C5:C213,A7) -> 16 | H7: =SUMPRODUCT(--('Vietņu ieraksti'!E5:E493=A7),--(LEN('Vietņu ieraksti'!R5:R493)>0)) -> 34 | J7: Apstiprināt / izveidot
A8: Spilves 27 | B8: Spilvas iela 27 | Spilves 27 | Spilves iela | Spilves iela 27 | Spilves ielas koridors | C8: =COUNTIF('Vietņu ieraksti'!E5:E493,A8) -> 35 | D8: =SUMIF('Vietņu ieraksti'!E5:E493,A8,'Vietņu ieraksti'!H5:H493) -> 5380 | E8: =_xlfn.MINIFS('Vietņu ieraksti'!B5:B493,'Vietņu ieraksti'!E5:E493,A8) -> 46175 | F8: =_xlfn.MAXIFS('Vietņu ieraksti'!B5:B493,'Vietņu ieraksti'!E5:E493,A8) -> 46265 | G8: =COUNTIF(Pārskatīšana!C5:C213,A8) -> 20 | H8: =SUMPRODUCT(--('Vietņu ieraksti'!E5:E493=A8),--(LEN('Vietņu ieraksti'!R5:R493)>0)) -> 1 | I8: Spilves 27 | J8: Piesaistīt esošajam
A9: Jānosaka projekts | B9: -24.03 Alūksne, Ziemeru 4 | *17.04*, *18.04*, *20.04*, *21.04* | 59 lime | C9: =COUNTIF('Vietņu ieraksti'!E5:E493,A9) -> 32 | D9: =SUMIF('Vietņu ieraksti'!E5:E493,A9,'Vietņu ieraksti'!H5:H493) -> 5482.28 | E9: =_xlfn.MINIFS('Vietņu ieraksti'!B5:B493,'Vietņu ieraksti'!E5:E493,A9) -> 46065 | F9: =_xlfn.MAXIFS('Vietņu ieraksti'!B5:B493,'Vietņu ieraksti'!E5:E493,A9) -> 46253 | G9: =COUNTIF(Pārskatīšana!C5:C213,A9) -> 32 | H9: =SUMPRODUCT(--('Vietņu ieraksti'!E5:E493=A9),--(LEN('Vietņu ieraksti'!R5:R493)>0)) -> 21 | J9: Apstiprināt / izveidot
A10: Krustabaznīcas iela | B10: Krustabaznīcas 11 | Krustabaznīcas 11 estrich, plēve 130m² 53 maisi cements | Krustabaznīcas 11 TW 190m² | Krustbaznīcas iela | Krustbaznīcas iela 11 | C10: =COUNTIF('Vietņu ieraksti'!E5:E493,A10) -> 28 | D10: =SUMIF('Vietņu ieraksti'!E5:E493,A10,'Vietņu ieraksti'!H5:H493) -> 3148 | E10: =_xlfn.MINIFS('Vietņu ieraksti'!B5:B493,'Vietņu ieraksti'!E5:E493,A10) -> 46059 | F10: =_xlfn.MAXIFS('Vietņu ieraksti'!B5:B493,'Vietņu ieraksti'!E5:E493,A10) -> 46192 | G10: =COUNTIF(Pārskatīšana!C5:C213,A10) -> 2 | H10: =SUMPRODUCT(--('Vietņu ieraksti'!E5:E493=A10),--(LEN('Vietņu ieraksti'!R5:R493)>0)) -> 11 | J10: Apstiprināt / izveidot
A11: Bērzaunes iela 15 | B11: Berzaunes 15 Estrich 70m² | Bērzaunes 15 | Bērzaunes iela | Bērzaunes iela 15 | C11: =COUNTIF('Vietņu ieraksti'!E5:E493,A11) -> 23 | D11: =SUMIF('Vietņu ieraksti'!E5:E493,A11,'Vietņu ieraksti'!H5:H493) -> 3030 | E11: =_xlfn.MINIFS('Vietņu ieraksti'!B5:B493,'Vietņu ieraksti'!E5:E493,A11) -> 46036 | F11: =_xlfn.MAXIFS('Vietņu ieraksti'!B5:B493,'Vietņu ieraksti'!E5:E493,A11) -> 46172 | G11: =COUNTIF(Pārskatīšana!C5:C213,A11) -> 3 | H11: =SUMPRODUCT(--('Vietņu ieraksti'!E5:E493=A11),--(LEN('Vietņu ieraksti'!R5:R493)>0)) -> 1 | J11: Apstiprināt / izveidot
A12: Balasta dambis 2 | B12: Balasta dambis | Balasta dambis 2 | Balasta iela | Balasta iela 2 | C12: =COUNTIF('Vietņu ieraksti'!E5:E493,A12) -> 11 | D12: =SUMIF('Vietņu ieraksti'!E5:E493,A12,'Vietņu ieraksti'!H5:H493) -> 70 | E12: =_xlfn.MINIFS('Vietņu ieraksti'!B5:B493,'Vietņu ieraksti'!E5:E493,A12) -> 46219 | F12: =_xlfn.MAXIFS('Vietņu ieraksti'!B5:B493,'Vietņu ieraksti'!E5:E493,A12) -> 46266 | G12: =COUNTIF(Pārskatīšana!C5:C213,A12) -> 11 | H12: =SUMPRODUCT(--('Vietņu ieraksti'!E5:E493=A12),--(LEN('Vietņu ieraksti'!R5:R493)>0)) -> 0 | I12: Balasta dambis 2 | J12: Piesaistīt esošajam
A13: Raiņa iela 2A, Iecava | B13: Iecava Raiņa iela | Iecava, Raiņa iela 2A | Raiņa iela 2, Iecava | Raiņa iela 2A, Iecava | C13: =COUNTIF('Vietņu ieraksti'!E5:E493,A13) -> 10 | D13: =SUMIF('Vietņu ieraksti'!E5:E493,A13,'Vietņu ieraksti'!H5:H493) -> 2020 | E13: =_xlfn.MINIFS('Vietņu ieraksti'!B5:B493,'Vietņu ieraksti'!E5:E493,A13) -> 46031 | F13: =_xlfn.MAXIFS('Vietņu ieraksti'!B5:B493,'Vietņu ieraksti'!E5:E493,A13) -> 46068 | G13: =COUNTIF(Pārskatīšana!C5:C213,A13) -> 1 | H13: =SUMPRODUCT(--('Vietņu ieraksti'!E5:E493=A13),--(LEN('Vietņu ieraksti'!R5:R493)>0)) -> 4 | J13: Apstiprināt / izveidot
A14: Kadaga | B14: Kadaga | C14: =COUNTIF('Vietņu ieraksti'!E5:E493,A14) -> 8 | D14: =SUMIF('Vietņu ieraksti'!E5:E493,A14,'Vietņu ieraksti'!H5:H493) -> 2592 | E14: =_xlfn.MINIFS('Vietņu ieraksti'!B5:B493,'Vietņu ieraksti'!E5:E493,A14) -> 46030 | F14: =_xlfn.MAXIFS('Vietņu ieraksti'!B5:B493,'Vietņu ieraksti'!E5:E493,A14) -> 46074 | G14: =COUNTIF(Pārskatīšana!C5:C213,A14) -> 1 | H14: =SUMPRODUCT(--('Vietņu ieraksti'!E5:E493=A14),--(LEN('Vietņu ieraksti'!R5:R493)>0)) -> 0 | J14: Apstiprināt / izveidot
A15: VC4 | B15: *VC4, B119.* | Expons VC4 | VC4 | VC4, 6.st | VC4, B119 | VC4, B119, pagrabs | C15: =COUNTIF('Vietņu ieraksti'!E5:E493,A15) -> 8 | D15: =SUMIF('Vietņu ieraksti'!E5:E493,A15,'Vietņu ieraksti'!H5:H493) -> 528 | E15: =_xlfn.MINIFS('Vietņu ieraksti'!B5:B493,'Vietņu ieraksti'!E5:E493,A15) -> 46036 | F15: =_xlfn.MAXIFS('Vietņu ieraksti'!B5:B493,'Vietņu ieraksti'!E5:E493,A15) -> 46174 | G15: =COUNTIF(Pārskatīšana!C5:C213,A15) -> 6 | H15: =SUMPRODUCT(--('Vietņu ieraksti'!E5:E493=A15),--(LEN('Vietņu ieraksti'!R5:R493)>0)) -> 3 | J15: Apstiprināt / izveidot
A16: Čaka iela 123 | B16: Čaka iela 123 | C16: =COUNTIF('Vietņu ieraksti'!E5:E493,A16) -> 7 | D16: =SUMIF('Vietņu ieraksti'!E5:E493,A16,'Vietņu ieraksti'!H5:H493) -> 1018 | E16: =_xlfn.MINIFS('Vietņu ieraksti'!B5:B493,'Vietņu ieraksti'!E5:E493,A16) -> 46132 | F16: =_xlfn.MAXIFS('Vietņu ieraksti'!B5:B493,'Vietņu ieraksti'!E5:E493,A16) -> 46174 | G16: =COUNTIF(Pārskatīšana!C5:C213,A16) -> 3 | H16: =SUMPRODUCT(--('Vietņu ieraksti'!E5:E493=A16),--(LEN('Vietņu ieraksti'!R5:R493)>0)) -> 2 | J16: Apstiprināt / izveidot
A17: Dzirciema iela 16 | B17: Dzirciema 16, RSU (720m2) | Dzirciema 16, RSU (720m2~) | Dzirciema iela 16 | C17: =COUNTIF('Vietņu ieraksti'!E5:E493,A17) -> 5 | D17: =SUMIF('Vietņu ieraksti'!E5:E493,A17,'Vietņu ieraksti'!H5:H493) -> 2700 | E17: =_xlfn.MINIFS('Vietņu ieraksti'!B5:B493,'Vietņu ieraksti'!E5:E493,A17) -> 46027 | F17: =_xlfn.MAXIFS('Vietņu ieraksti'!B5:B493,'Vietņu ieraksti'!E5:E493,A17) -> 46094 | G17: =COUNTIF(Pārskatīšana!C5:C213,A17) -> 1 | H17: =SUMPRODUCT(--('Vietņu ieraksti'!E5:E493=A17),--(LEN('Vietņu ieraksti'!R5:R493)>0)) -> 3 | J17: Apstiprināt / izveidot
A18: Gaiļezera slimnīca | B18: Gaiļezera slimnīca | C18: =COUNTIF('Vietņu ieraksti'!E5:E493,A18) -> 5 | D18: =SUMIF('Vietņu ieraksti'!E5:E493,A18,'Vietņu ieraksti'!H5:H493) -> 886 | E18: =_xlfn.MINIFS('Vietņu ieraksti'!B5:B493,'Vietņu ieraksti'!E5:E493,A18) -> 46231 | F18: =_xlfn.MAXIFS('Vietņu ieraksti'!B5:B493,'Vietņu ieraksti'!E5:E493,A18) -> 46255 | G18: =COUNTIF(Pārskatīšana!C5:C213,A18) -> 0 | H18: =SUMPRODUCT(--('Vietņu ieraksti'!E5:E493=A18),--(LEN('Vietņu ieraksti'!R5:R493)>0)) -> 0 | J18: Apstiprināt / izveidot
A19: Prohorova iela 13 | B19: Prohorova iela 13 | C19: =COUNTIF('Vietņu ieraksti'!E5:E493,A19) -> 5 | D19: =SUMIF('Vietņu ieraksti'!E5:E493,A19,'Vietņu ieraksti'!H5:H493) -> 1599 | E19: =_xlfn.MINIFS('Vietņu ieraksti'!B5:B493,'Vietņu ieraksti'!E5:E493,A19) -> 46119 | F19: =_xlfn.MAXIFS('Vietņu ieraksti'!B5:B493,'Vietņu ieraksti'!E5:E493,A19) -> 46135 | G19: =COUNTIF(Pārskatīšana!C5:C213,A19) -> 2 | H19: =SUMPRODUCT(--('Vietņu ieraksti'!E5:E493=A19),--(LEN('Vietņu ieraksti'!R5:R493)>0)) -> 3 | J19: Apstiprināt / izveidot
A20: Vairāki objekti — jāsadala | B20: Objekts | C20: =COUNTIF('Vietņu ieraksti'!E5:E493,A20) -> 5 | D20: =SUMIF('Vietņu ieraksti'!E5:E493,A20,'Vietņu ieraksti'!H5:H493) -> 211 | E20: =_xlfn.MINIFS('Vietņu ieraksti'!B5:B493,'Vietņu ieraksti'!E5:E493,A20) -> 46156 | F20: =_xlfn.MAXIFS('Vietņu ieraksti'!B5:B493,'Vietņu ieraksti'!E5:E493,A20) -> 46161 | G20: =COUNTIF(Pārskatīšana!C5:C213,A20) -> 5 | H20: =SUMPRODUCT(--('Vietņu ieraksti'!E5:E493=A20),--(LEN('Vietņu ieraksti'!R5:R493)>0)) -> 0 | J20: Apstiprināt / izveidot
A21: "Rozītes", Daugmales pagasts, ķekavas novads | B21: "Rozītes", Daugmales pagasts, ķekavas novads | C21: =COUNTIF('Vietņu ieraksti'!E5:E493,A21) -> 6 | D21: =SUMIF('Vietņu ieraksti'!E5:E493,A21,'Vietņu ieraksti'!H5:H493) -> 1509 | E21: =_xlfn.MINIFS('Vietņu ieraksti'!B5:B493,'Vietņu ieraksti'!E5:E493,A21) -> 46232 | F21: =_xlfn.MAXIFS('Vietņu ieraksti'!B5:B493,'Vietņu ieraksti'!E5:E493,A21) -> 46264 | G21: =COUNTIF(Pārskatīšana!C5:C213,A21) -> 0 | H21: =SUMPRODUCT(--('Vietņu ieraksti'!E5:E493=A21),--(LEN('Vietņu ieraksti'!R5:R493)>0)) -> 2 | J21: Apstiprināt / izveidot
A22: Augusta Saulieša iela 14 Cesvaine | B22: Augusta Saulieša iela 14 Cesvaine | C22: =COUNTIF('Vietņu ieraksti'!E5:E493,A22) -> 4 | D22: =SUMIF('Vietņu ieraksti'!E5:E493,A22,'Vietņu ieraksti'!H5:H493) -> 1090 | E22: =_xlfn.MINIFS('Vietņu ieraksti'!B5:B493,'Vietņu ieraksti'!E5:E493,A22) -> 46128 | F22: =_xlfn.MAXIFS('Vietņu ieraksti'!B5:B493,'Vietņu ieraksti'!E5:E493,A22) -> 46149 | G22: =COUNTIF(Pārskatīšana!C5:C213,A22) -> 0 | H22: =SUMPRODUCT(--('Vietņu ieraksti'!E5:E493=A22),--(LEN('Vietņu ieraksti'!R5:R493)>0)) -> 0 | J22: Apstiprināt / izveidot
A23: Jelgava, pasta iela 63 | B23: Jelgava, pasta iela 63 | C23: =COUNTIF('Vietņu ieraksti'!E5:E493,A23) -> 4 | D23: =SUMIF('Vietņu ieraksti'!E5:E493,A23,'Vietņu ieraksti'!H5:H493) -> 705 | E23: =_xlfn.MINIFS('Vietņu ieraksti'!B5:B493,'Vietņu ieraksti'!E5:E493,A23) -> 46069 | F23: =_xlfn.MAXIFS('Vietņu ieraksti'!B5:B493,'Vietņu ieraksti'!E5:E493,A23) -> 46097 | G23: =COUNTIF(Pārskatīšana!C5:C213,A23) -> 0 | H23: =SUMPRODUCT(--('Vietņu ieraksti'!E5:E493=A23),--(LEN('Vietņu ieraksti'!R5:R493)>0)) -> 0 | J23: Apstiprināt / izveidot
A24: Krasta iela 6 Lubāna | B24: Krasta iela 6 Lubāna | C24: =COUNTIF('Vietņu ieraksti'!E5:E493,A24) -> 4 | D24: =SUMIF('Vietņu ieraksti'!E5:E493,A24,'Vietņu ieraksti'!H5:H493) -> 805 | E24: =_xlfn.MINIFS('Vietņu ieraksti'!B5:B493,'Vietņu ieraksti'!E5:E493,A24) -> 46072 | F24: =_xlfn.MAXIFS('Vietņu ieraksti'!B5:B493,'Vietņu ieraksti'!E5:E493,A24) -> 46076 | G24: =COUNTIF(Pārskatīšana!C5:C213,A24) -> 0 | H24: =SUMPRODUCT(--('Vietņu ieraksti'!E5:E493=A24),--(LEN('Vietņu ieraksti'!R5:R493)>0)) -> 4 | J24: Apstiprināt / izveidot
A25: No 23.03 lidz 27.03 | B25: No 23.03 lidz 27.03 | C25: =COUNTIF('Vietņu ieraksti'!E5:E493,A25) -> 4 | D25: =SUMIF('Vietņu ieraksti'!E5:E493,A25,'Vietņu ieraksti'!H5:H493) -> 948 | E25: =_xlfn.MINIFS('Vietņu ieraksti'!B5:B493,'Vietņu ieraksti'!E5:E493,A25) -> 46108 | F25: =_xlfn.MAXIFS('Vietņu ieraksti'!B5:B493,'Vietņu ieraksti'!E5:E493,A25) -> 46108 | G25: =COUNTIF(Pārskatīšana!C5:C213,A25) -> 0 | H25: =SUMPRODUCT(--('Vietņu ieraksti'!E5:E493=A25),--(LEN('Vietņu ieraksti'!R5:R493)>0)) -> 4 | J25: Apstiprināt / izveidot
A26: Bukultu iela 7k1 | B26: Bukultu iela 7k1 | C26: =COUNTIF('Vietņu ieraksti'!E5:E493,A26) -> 3 | D26: =SUMIF('Vietņu ieraksti'!E5:E493,A26,'Vietņu ieraksti'!H5:H493) -> 640 | E26: =_xlfn.MINIFS('Vietņu ieraksti'!B5:B493,'Vietņu ieraksti'!E5:E493,A26) -> 46122 | F26: =_xlfn.MAXIFS('Vietņu ieraksti'!B5:B493,'Vietņu ieraksti'!E5:E493,A26) -> 46141 | G26: =COUNTIF(Pārskatīšana!C5:C213,A26) -> 3 | H26: =SUMPRODUCT(--('Vietņu ieraksti'!E5:E493=A26),--(LEN('Vietņu ieraksti'!R5:R493)>0)) -> 2 | J26: Apstiprināt / izveidot
A27: Čaka 123 | B27: Čaka 123 | C27: =COUNTIF('Vietņu ieraksti'!E5:E493,A27) -> 3 | D27: =SUMIF('Vietņu ieraksti'!E5:E493,A27,'Vietņu ieraksti'!H5:H493) -> 700 | E27: =_xlfn.MINIFS('Vietņu ieraksti'!B5:B493,'Vietņu ieraksti'!E5:E493,A27) -> 46142 | F27: =_xlfn.MAXIFS('Vietņu ieraksti'!B5:B493,'Vietņu ieraksti'!E5:E493,A27) -> 46169 | G27: =COUNTIF(Pārskatīšana!C5:C213,A27) -> 1 | H27: =SUMPRODUCT(--('Vietņu ieraksti'!E5:E493=A27),--(LEN('Vietņu ieraksti'!R5:R493)>0)) -> 2 | J27: Apstiprināt / izveidot
A28: Dārciema iela | B28: Dārciema iela | C28: =COUNTIF('Vietņu ieraksti'!E5:E493,A28) -> 3 | D28: =SUMIF('Vietņu ieraksti'!E5:E493,A28,'Vietņu ieraksti'!H5:H493) -> 501 | E28: =_xlfn.MINIFS('Vietņu ieraksti'!B5:B493,'Vietņu ieraksti'!E5:E493,A28) -> 46056 | F28: =_xlfn.MAXIFS('Vietņu ieraksti'!B5:B493,'Vietņu ieraksti'!E5:E493,A28) -> 46098 | G28: =COUNTIF(Pārskatīšana!C5:C213,A28) -> 2 | H28: =SUMPRODUCT(--('Vietņu ieraksti'!E5:E493=A28),--(LEN('Vietņu ieraksti'!R5:R493)>0)) -> 0 | J28: Apstiprināt / izveidot
A29: Dārzciema iela | B29: Dārzciema iela | C29: =COUNTIF('Vietņu ieraksti'!E5:E493,A29) -> 3 | D29: =SUMIF('Vietņu ieraksti'!E5:E493,A29,'Vietņu ieraksti'!H5:H493) -> 1039 | E29: =_xlfn.MINIFS('Vietņu ieraksti'!B5:B493,'Vietņu ieraksti'!E5:E493,A29) -> 46063 | F29: =_xlfn.MAXIFS('Vietņu ieraksti'!B5:B493,'Vietņu ieraksti'!E5:E493,A29) -> 46085 | G29: =COUNTIF(Pārskatīšana!C5:C213,A29) -> 2 | H29: =SUMPRODUCT(--('Vietņu ieraksti'!E5:E493=A29),--(LEN('Vietņu ieraksti'!R5:R493)>0)) -> 0 | J29: Apstiprināt / izveidot
A30: Jaunolaine meža iela 2 | B30: Jaunolaine meža iela 2 | C30: =COUNTIF('Vietņu ieraksti'!E5:E493,A30) -> 3 | D30: =SUMIF('Vietņu ieraksti'!E5:E493,A30,'Vietņu ieraksti'!H5:H493) -> 914 | E30: =_xlfn.MINIFS('Vietņu ieraksti'!B5:B493,'Vietņu ieraksti'!E5:E493,A30) -> 46169 | F30: =_xlfn.MAXIFS('Vietņu ieraksti'!B5:B493,'Vietņu ieraksti'!E5:E493,A30) -> 46171 | G30: =COUNTIF(Pārskatīšana!C5:C213,A30) -> 0 | H30: =SUMPRODUCT(--('Vietņu ieraksti'!E5:E493=A30),--(LEN('Vietņu ieraksti'!R5:R493)>0)) -> 0 | J30: Apstiprināt / izveidot
A31: Kadaga DEPO | B31: *Kadaga DEPO* | Kadaga DEPO | C31: =COUNTIF('Vietņu ieraksti'!E5:E493,A31) -> 3 | D31: =SUMIF('Vietņu ieraksti'!E5:E493,A31,'Vietņu ieraksti'!H5:H493) -> 0 | E31: =_xlfn.MINIFS('Vietņu ieraksti'!B5:B493,'Vietņu ieraksti'!E5:E493,A31) -> 46028 | F31: =_xlfn.MAXIFS('Vietņu ieraksti'!B5:B493,'Vietņu ieraksti'!E5:E493,A31) -> 46162 | G31: =COUNTIF(Pārskatīšana!C5:C213,A31) -> 3 | H31: =SUMPRODUCT(--('Vietņu ieraksti'!E5:E493=A31),--(LEN('Vietņu ieraksti'!R5:R493)>0)) -> 1 | J31: Apstiprināt / izveidot
A32: Meža iela 2 Jaunolaine | B32: Meža iela 2 Jaunolaine | C32: =COUNTIF('Vietņu ieraksti'!E5:E493,A32) -> 3 | D32: =SUMIF('Vietņu ieraksti'!E5:E493,A32,'Vietņu ieraksti'!H5:H493) -> 860 | E32: =_xlfn.MINIFS('Vietņu ieraksti'!B5:B493,'Vietņu ieraksti'!E5:E493,A32) -> 46153 | F32: =_xlfn.MAXIFS('Vietņu ieraksti'!B5:B493,'Vietņu ieraksti'!E5:E493,A32) -> 46155 | G32: =COUNTIF(Pārskatīšana!C5:C213,A32) -> 0 | H32: =SUMPRODUCT(--('Vietņu ieraksti'!E5:E493=A32),--(LEN('Vietņu ieraksti'!R5:R493)>0)) -> 3 | J32: Apstiprināt / izveidot
A33: Meža iela2, Jaunolaine | B33: Meža iela2, Jaunolaine | C33: =COUNTIF('Vietņu ieraksti'!E5:E493,A33) -> 3 | D33: =SUMIF('Vietņu ieraksti'!E5:E493,A33,'Vietņu ieraksti'!H5:H493) -> 998 | E33: =_xlfn.MINIFS('Vietņu ieraksti'!B5:B493,'Vietņu ieraksti'!E5:E493,A33) -> 46176 | F33: =_xlfn.MAXIFS('Vietņu ieraksti'!B5:B493,'Vietņu ieraksti'!E5:E493,A33) -> 46182 | G33: =COUNTIF(Pārskatīšana!C5:C213,A33) -> 0 | H33: =SUMPRODUCT(--('Vietņu ieraksti'!E5:E493=A33),--(LEN('Vietņu ieraksti'!R5:R493)>0)) -> 3 | J33: Apstiprināt / izveidot
A34: Preses nama kvartāls | B34: Preses nama kvartāls | C34: =COUNTIF('Vietņu ieraksti'!E5:E493,A34) -> 3 | D34: =SUMIF('Vietņu ieraksti'!E5:E493,A34,'Vietņu ieraksti'!H5:H493) -> 184 | E34: =_xlfn.MINIFS('Vietņu ieraksti'!B5:B493,'Vietņu ieraksti'!E5:E493,A34) -> 46228 | F34: =_xlfn.MAXIFS('Vietņu ieraksti'!B5:B493,'Vietņu ieraksti'!E5:E493,A34) -> 46248 | G34: =COUNTIF(Pārskatīšana!C5:C213,A34) -> 1 | H34: =SUMPRODUCT(--('Vietņu ieraksti'!E5:E493=A34),--(LEN('Vietņu ieraksti'!R5:R493)>0)) -> 0 | J34: Apstiprināt / izveidot
A35: Prohorova iela 13, Jelgava | B35: Prohorova iela 13, Jelgava | C35: =COUNTIF('Vietņu ieraksti'!E5:E493,A35) -> 3 | D35: =SUMIF('Vietņu ieraksti'!E5:E493,A35,'Vietņu ieraksti'!H5:H493) -> 846 | E35: =_xlfn.MINIFS('Vietņu ieraksti'!B5:B493,'Vietņu ieraksti'!E5:E493,A35) -> 46093 | F35: =_xlfn.MAXIFS('Vietņu ieraksti'!B5:B493,'Vietņu ieraksti'!E5:E493,A35) -> 46194 | G35: =COUNTIF(Pārskatīšana!C5:C213,A35) -> 3 | H35: =SUMPRODUCT(--('Vietņu ieraksti'!E5:E493=A35),--(LEN('Vietņu ieraksti'!R5:R493)>0)) -> 3 | J35: Apstiprināt / izveidot
A36: Sarkanmuižas dambis1, Ventspils | B36: Sarkanmuižas dambis1, Ventspils | C36: =COUNTIF('Vietņu ieraksti'!E5:E493,A36) -> 3 | D36: =SUMIF('Vietņu ieraksti'!E5:E493,A36,'Vietņu ieraksti'!H5:H493) -> 447 | E36: =_xlfn.MINIFS('Vietņu ieraksti'!B5:B493,'Vietņu ieraksti'!E5:E493,A36) -> 46210 | F36: =_xlfn.MAXIFS('Vietņu ieraksti'!B5:B493,'Vietņu ieraksti'!E5:E493,A36) -> 46210 | G36: =COUNTIF(Pārskatīšana!C5:C213,A36) -> 3 | H36: =SUMPRODUCT(--('Vietņu ieraksti'!E5:E493=A36),--(LEN('Vietņu ieraksti'!R5:R493)>0)) -> 3 | J36: Apstiprināt / izveidot
A37: Stabu iela 6-11A | B37: Stabu iela 6-11A | C37: =COUNTIF('Vietņu ieraksti'!E5:E493,A37) -> 3 | D37: =SUMIF('Vietņu ieraksti'!E5:E493,A37,'Vietņu ieraksti'!H5:H493) -> 134 | E37: =_xlfn.MINIFS('Vietņu ieraksti'!B5:B493,'Vietņu ieraksti'!E5:E493,A37) -> 46085 | F37: =_xlfn.MAXIFS('Vietņu ieraksti'!B5:B493,'Vietņu ieraksti'!E5:E493,A37) -> 46087 | G37: =COUNTIF(Pārskatīšana!C5:C213,A37) -> 2 | H37: =SUMPRODUCT(--('Vietņu ieraksti'!E5:E493=A37),--(LEN('Vietņu ieraksti'!R5:R493)>0)) -> 0 | J37: Apstiprināt / izveidot
A38: Šmerļa iela 3 | B38: Šmerļa iela 3 | C38: =COUNTIF('Vietņu ieraksti'!E5:E493,A38) -> 3 | D38: =SUMIF('Vietņu ieraksti'!E5:E493,A38,'Vietņu ieraksti'!H5:H493) -> 435 | E38: =_xlfn.MINIFS('Vietņu ieraksti'!B5:B493,'Vietņu ieraksti'!E5:E493,A38) -> 46265 | F38: =_xlfn.MAXIFS('Vietņu ieraksti'!B5:B493,'Vietņu ieraksti'!E5:E493,A38) -> 46266 | G38: =COUNTIF(Pārskatīšana!C5:C213,A38) -> 0 | H38: =SUMPRODUCT(--('Vietņu ieraksti'!E5:E493=A38),--(LEN('Vietņu ieraksti'!R5:R493)>0)) -> 2 | I38: Šmerļa iela 3 | J38: Piesaistīt esošajam
A39: Urieksetes iela 42B | B39: Urieksetes iela 42B | C39: =COUNTIF('Vietņu ieraksti'!E5:E493,A39) -> 3 | D39: =SUMIF('Vietņu ieraksti'!E5:E493,A39,'Vietņu ieraksti'!H5:H493) -> 131 | E39: =_xlfn.MINIFS('Vietņu ieraksti'!B5:B493,'Vietņu ieraksti'!E5:E493,A39) -> 46185 | F39: =_xlfn.MAXIFS('Vietņu ieraksti'!B5:B493,'Vietņu ieraksti'!E5:E493,A39) -> 46185 | G39: =COUNTIF(Pārskatīšana!C5:C213,A39) -> 0 | H39: =SUMPRODUCT(--('Vietņu ieraksti'!E5:E493=A39),--(LEN('Vietņu ieraksti'!R5:R493)>0)) -> 0 | J39: Apstiprināt / izveidot
A40: "Rozītes", Daugmales pagasts, Ķekavas novads | B40: "Rozītes", Daugmales pagasts, Ķekavas novads | C40: =COUNTIF('Vietņu ieraksti'!E5:E493,A40) -> 6 | D40: =SUMIF('Vietņu ieraksti'!E5:E493,A40,'Vietņu ieraksti'!H5:H493) -> 1509 | E40: =_xlfn.MINIFS('Vietņu ieraksti'!B5:B493,'Vietņu ieraksti'!E5:E493,A40) -> 46232 | F40: =_xlfn.MAXIFS('Vietņu ieraksti'!B5:B493,'Vietņu ieraksti'!E5:E493,A40) -> 46264 | G40: =COUNTIF(Pārskatīšana!C5:C213,A40) -> 0 | H40: =SUMPRODUCT(--('Vietņu ieraksti'!E5:E493=A40),--(LEN('Vietņu ieraksti'!R5:R493)>0)) -> 2 | J40: Apstiprināt / izveidot
A41: *Jelgava, Prohorova 13* | B41: *Jelgava, Prohorova 13* | C41: =COUNTIF('Vietņu ieraksti'!E5:E493,A41) -> 2 | D41: =SUMIF('Vietņu ieraksti'!E5:E493,A41,'Vietņu ieraksti'!H5:H493) -> 200 | E41: =_xlfn.MINIFS('Vietņu ieraksti'!B5:B493,'Vietņu ieraksti'!E5:E493,A41) -> 46165 | F41: =_xlfn.MAXIFS('Vietņu ieraksti'!B5:B493,'Vietņu ieraksti'!E5:E493,A41) -> 46165 | G41: =COUNTIF(Pārskatīšana!C5:C213,A41) -> 2 | H41: =SUMPRODUCT(--('Vietņu ieraksti'!E5:E493=A41),--(LEN('Vietņu ieraksti'!R5:R493)>0)) -> 0 | J41: Apstiprināt / izveidot
A42: Cukura iela 7, Liepāja | B42: Cukura iela 7, Liepāja | C42: =COUNTIF('Vietņu ieraksti'!E5:E493,A42) -> 2 | D42: =SUMIF('Vietņu ieraksti'!E5:E493,A42,'Vietņu ieraksti'!H5:H493) -> 678 | E42: =_xlfn.MINIFS('Vietņu ieraksti'!B5:B493,'Vietņu ieraksti'!E5:E493,A42) -> 46112 | F42: =_xlfn.MAXIFS('Vietņu ieraksti'!B5:B493,'Vietņu ieraksti'!E5:E493,A42) -> 46113 | G42: =COUNTIF(Pārskatīšana!C5:C213,A42) -> 1 | H42: =SUMPRODUCT(--('Vietņu ieraksti'!E5:E493=A42),--(LEN('Vietņu ieraksti'!R5:R493)>0)) -> 2 | J42: Apstiprināt / izveidot
A43: Čaka iela | B43: Čaka iela | C43: =COUNTIF('Vietņu ieraksti'!E5:E493,A43) -> 2 | D43: =SUMIF('Vietņu ieraksti'!E5:E493,A43,'Vietņu ieraksti'!H5:H493) -> 0 | E43: =_xlfn.MINIFS('Vietņu ieraksti'!B5:B493,'Vietņu ieraksti'!E5:E493,A43) -> 46168 | F43: =_xlfn.MAXIFS('Vietņu ieraksti'!B5:B493,'Vietņu ieraksti'!E5:E493,A43) -> 46203 | G43: =COUNTIF(Pārskatīšana!C5:C213,A43) -> 2 | H43: =SUMPRODUCT(--('Vietņu ieraksti'!E5:E493=A43),--(LEN('Vietņu ieraksti'!R5:R493)>0)) -> 0 | J43: Apstiprināt / izveidot
A44: Čaka iela 133, Riga | B44: Čaka iela 133, Riga | C44: =COUNTIF('Vietņu ieraksti'!E5:E493,A44) -> 2 | D44: =SUMIF('Vietņu ieraksti'!E5:E493,A44,'Vietņu ieraksti'!H5:H493) -> 186 | E44: =_xlfn.MINIFS('Vietņu ieraksti'!B5:B493,'Vietņu ieraksti'!E5:E493,A44) -> 46263 | F44: =_xlfn.MAXIFS('Vietņu ieraksti'!B5:B493,'Vietņu ieraksti'!E5:E493,A44) -> 46265 | G44: =COUNTIF(Pārskatīšana!C5:C213,A44) -> 0 | H44: =SUMPRODUCT(--('Vietņu ieraksti'!E5:E493=A44),--(LEN('Vietņu ieraksti'!R5:R493)>0)) -> 0 | J44: Apstiprināt / izveidot
A45: Hipokrātu iela | B45: Hipokrātu iela | C45: =COUNTIF('Vietņu ieraksti'!E5:E493,A45) -> 2 | D45: =SUMIF('Vietņu ieraksti'!E5:E493,A45,'Vietņu ieraksti'!H5:H493) -> 410 | E45: =_xlfn.MINIFS('Vietņu ieraksti'!B5:B493,'Vietņu ieraksti'!E5:E493,A45) -> 46263 | F45: =_xlfn.MAXIFS('Vietņu ieraksti'!B5:B493,'Vietņu ieraksti'!E5:E493,A45) -> 46265 | G45: =COUNTIF(Pārskatīšana!C5:C213,A45) -> 1 | H45: =SUMPRODUCT(--('Vietņu ieraksti'!E5:E493=A45),--(LEN('Vietņu ieraksti'!R5:R493)>0)) -> 0 | I45: Hipokrātu iela | J45: Piesaistīt esošajam
A46: Jūrmalas gatve 51 | B46: Jūrmalas gatve 51 | C46: =COUNTIF('Vietņu ieraksti'!E5:E493,A46) -> 2 | D46: =SUMIF('Vietņu ieraksti'!E5:E493,A46,'Vietņu ieraksti'!H5:H493) -> 55 | E46: =_xlfn.MINIFS('Vietņu ieraksti'!B5:B493,'Vietņu ieraksti'!E5:E493,A46) -> 46050 | F46: =_xlfn.MAXIFS('Vietņu ieraksti'!B5:B493,'Vietņu ieraksti'!E5:E493,A46) -> 46066 | G46: =COUNTIF(Pārskatīšana!C5:C213,A46) -> 1 | H46: =SUMPRODUCT(--('Vietņu ieraksti'!E5:E493=A46),--(LEN('Vietņu ieraksti'!R5:R493)>0)) -> 0 | J46: Apstiprināt / izveidot
A47: Krasta iela 6, Lubāna | B47: Krasta iela 6, Lubāna | C47: =COUNTIF('Vietņu ieraksti'!E5:E493,A47) -> 2 | D47: =SUMIF('Vietņu ieraksti'!E5:E493,A47,'Vietņu ieraksti'!H5:H493) -> 308 | E47: =_xlfn.MINIFS('Vietņu ieraksti'!B5:B493,'Vietņu ieraksti'!E5:E493,A47) -> 46167 | F47: =_xlfn.MAXIFS('Vietņu ieraksti'!B5:B493,'Vietņu ieraksti'!E5:E493,A47) -> 46168 | G47: =COUNTIF(Pārskatīšana!C5:C213,A47) -> 0 | H47: =SUMPRODUCT(--('Vietņu ieraksti'!E5:E493=A47),--(LEN('Vietņu ieraksti'!R5:R493)>0)) -> 1 | J47: Apstiprināt / izveidot
A48: Kristers visas telpas atzīmēja | B48: Kristers visas telpas atzīmēja | C48: =COUNTIF('Vietņu ieraksti'!E5:E493,A48) -> 2 | D48: =SUMIF('Vietņu ieraksti'!E5:E493,A48,'Vietņu ieraksti'!H5:H493) -> 523 | E48: =_xlfn.MINIFS('Vietņu ieraksti'!B5:B493,'Vietņu ieraksti'!E5:E493,A48) -> 46073 | F48: =_xlfn.MAXIFS('Vietņu ieraksti'!B5:B493,'Vietņu ieraksti'!E5:E493,A48) -> 46073 | G48: =COUNTIF(Pārskatīšana!C5:C213,A48) -> 0 | H48: =SUMPRODUCT(--('Vietņu ieraksti'!E5:E493=A48),--(LEN('Vietņu ieraksti'!R5:R493)>0)) -> 0 | J48: Apstiprināt / izveidot
A49: Līgo iela 7, Sigūlda | B49: Līgo iela 7, Sigūlda | C49: =COUNTIF('Vietņu ieraksti'!E5:E493,A49) -> 2 | D49: =SUMIF('Vietņu ieraksti'!E5:E493,A49,'Vietņu ieraksti'!H5:H493) -> 200 | E49: =_xlfn.MINIFS('Vietņu ieraksti'!B5:B493,'Vietņu ieraksti'!E5:E493,A49) -> 46120 | F49: =_xlfn.MAXIFS('Vietņu ieraksti'!B5:B493,'Vietņu ieraksti'!E5:E493,A49) -> 46126 | G49: =COUNTIF(Pārskatīšana!C5:C213,A49) -> 0 | H49: =SUMPRODUCT(--('Vietņu ieraksti'!E5:E493=A49),--(LEN('Vietņu ieraksti'!R5:R493)>0)) -> 0 | J49: Apstiprināt / izveidot
A50: Lubāna, Krasta iela 6 | B50: Lubāna, Krasta iela 6 | C50: =COUNTIF('Vietņu ieraksti'!E5:E493,A50) -> 2 | D50: =SUMIF('Vietņu ieraksti'!E5:E493,A50,'Vietņu ieraksti'!H5:H493) -> 0 | E50: =_xlfn.MINIFS('Vietņu ieraksti'!B5:B493,'Vietņu ieraksti'!E5:E493,A50) -> 46123 | F50: =_xlfn.MAXIFS('Vietņu ieraksti'!B5:B493,'Vietņu ieraksti'!E5:E493,A50) -> 46124 | G50: =COUNTIF(Pārskatīšana!C5:C213,A50) -> 2 | H50: =SUMPRODUCT(--('Vietņu ieraksti'!E5:E493=A50),--(LEN('Vietņu ieraksti'!R5:R493)>0)) -> 0 | J50: Apstiprināt / izveidot
A51: Mārupe Gaujas iela 5 | B51: Mārupe Gaujas iela 5 | C51: =COUNTIF('Vietņu ieraksti'!E5:E493,A51) -> 2 | D51: =SUMIF('Vietņu ieraksti'!E5:E493,A51,'Vietņu ieraksti'!H5:H493) -> 0 | E51: =_xlfn.MINIFS('Vietņu ieraksti'!B5:B493,'Vietņu ieraksti'!E5:E493,A51) -> 46234 | F51: =_xlfn.MAXIFS('Vietņu ieraksti'!B5:B493,'Vietņu ieraksti'!E5:E493,A51) -> 46237 | G51: =COUNTIF(Pārskatīšana!C5:C213,A51) -> 2 | H51: =SUMPRODUCT(--('Vietņu ieraksti'!E5:E493=A51),--(LEN('Vietņu ieraksti'!R5:R493)>0)) -> 0 | J51: Apstiprināt / izveidot
A52: Prohorova iela Jelgava | B52: Prohorova iela Jelgava | C52: =COUNTIF('Vietņu ieraksti'!E5:E493,A52) -> 2 | D52: =SUMIF('Vietņu ieraksti'!E5:E493,A52,'Vietņu ieraksti'!H5:H493) -> 515 | E52: =_xlfn.MINIFS('Vietņu ieraksti'!B5:B493,'Vietņu ieraksti'!E5:E493,A52) -> 46188 | F52: =_xlfn.MAXIFS('Vietņu ieraksti'!B5:B493,'Vietņu ieraksti'!E5:E493,A52) -> 46189 | G52: =COUNTIF(Pārskatīšana!C5:C213,A52) -> 1 | H52: =SUMPRODUCT(--('Vietņu ieraksti'!E5:E493=A52),--(LEN('Vietņu ieraksti'!R5:R493)>0)) -> 0 | J52: Apstiprināt / izveidot
A53: Sarkanmuižas dambis 1. Ventspils | B53: Sarkanmuižas dambis 1. Ventspils | C53: =COUNTIF('Vietņu ieraksti'!E5:E493,A53) -> 2 | D53: =SUMIF('Vietņu ieraksti'!E5:E493,A53,'Vietņu ieraksti'!H5:H493) -> 298 | E53: =_xlfn.MINIFS('Vietņu ieraksti'!B5:B493,'Vietņu ieraksti'!E5:E493,A53) -> 46209 | F53: =_xlfn.MAXIFS('Vietņu ieraksti'!B5:B493,'Vietņu ieraksti'!E5:E493,A53) -> 46209 | G53: =COUNTIF(Pārskatīšana!C5:C213,A53) -> 2 | H53: =SUMPRODUCT(--('Vietņu ieraksti'!E5:E493=A53),--(LEN('Vietņu ieraksti'!R5:R493)>0)) -> 2 | J53: Apstiprināt / izveidot
A54: Sigulda ziedu iela 3 | B54: Sigulda ziedu iela 3 | C54: =COUNTIF('Vietņu ieraksti'!E5:E493,A54) -> 2 | D54: =SUMIF('Vietņu ieraksti'!E5:E493,A54,'Vietņu ieraksti'!H5:H493) -> 0 | E54: =_xlfn.MINIFS('Vietņu ieraksti'!B5:B493,'Vietņu ieraksti'!E5:E493,A54) -> 46209 | F54: =_xlfn.MAXIFS('Vietņu ieraksti'!B5:B493,'Vietņu ieraksti'!E5:E493,A54) -> 46210 | G54: =COUNTIF(Pārskatīšana!C5:C213,A54) -> 2 | H54: =SUMPRODUCT(--('Vietņu ieraksti'!E5:E493=A54),--(LEN('Vietņu ieraksti'!R5:R493)>0)) -> 0 | J54: Apstiprināt / izveidot
A55: Torņu iela 1 | B55: Torņu iela 1 | C55: =COUNTIF('Vietņu ieraksti'!E5:E493,A55) -> 2 | D55: =SUMIF('Vietņu ieraksti'!E5:E493,A55,'Vietņu ieraksti'!H5:H493) -> 246 | E55: =_xlfn.MINIFS('Vietņu ieraksti'!B5:B493,'Vietņu ieraksti'!E5:E493,A55) -> 46071 | F55: =_xlfn.MAXIFS('Vietņu ieraksti'!B5:B493,'Vietņu ieraksti'!E5:E493,A55) -> 46076 | G55: =COUNTIF(Pārskatīšana!C5:C213,A55) -> 0 | H55: =SUMPRODUCT(--('Vietņu ieraksti'!E5:E493=A55),--(LEN('Vietņu ieraksti'!R5:R493)>0)) -> 1 | J55: Apstiprināt / izveidot
A56: Vaidavas iela 15 | B56: Vaidavas iela 15 | C56: =COUNTIF('Vietņu ieraksti'!E5:E493,A56) -> 2 | D56: =SUMIF('Vietņu ieraksti'!E5:E493,A56,'Vietņu ieraksti'!H5:H493) -> 0 | E56: =_xlfn.MINIFS('Vietņu ieraksti'!B5:B493,'Vietņu ieraksti'!E5:E493,A56) -> 46255 | F56: =_xlfn.MAXIFS('Vietņu ieraksti'!B5:B493,'Vietņu ieraksti'!E5:E493,A56) -> 46260 | G56: =COUNTIF(Pārskatīšana!C5:C213,A56) -> 2 | H56: =SUMPRODUCT(--('Vietņu ieraksti'!E5:E493=A56),--(LEN('Vietņu ieraksti'!R5:R493)>0)) -> 0 | J56: Apstiprināt / izveidot
A57: Viļakas iela Rēzekne | B57: Viļakas iela Rēzekne | C57: =COUNTIF('Vietņu ieraksti'!E5:E493,A57) -> 2 | D57: =SUMIF('Vietņu ieraksti'!E5:E493,A57,'Vietņu ieraksti'!H5:H493) -> 0 | E57: =_xlfn.MINIFS('Vietņu ieraksti'!B5:B493,'Vietņu ieraksti'!E5:E493,A57) -> 46126 | F57: =_xlfn.MAXIFS('Vietņu ieraksti'!B5:B493,'Vietņu ieraksti'!E5:E493,A57) -> 46127 | G57: =COUNTIF(Pārskatīšana!C5:C213,A57) -> 2 | H57: =SUMPRODUCT(--('Vietņu ieraksti'!E5:E493=A57),--(LEN('Vietņu ieraksti'!R5:R493)>0)) -> 0 | J57: Apstiprināt / izveidot
A58: - Jelgavas 68 | B58: - Jelgavas 68 | C58: =COUNTIF('Vietņu ieraksti'!E5:E493,A58) -> 1 | D58: =SUMIF('Vietņu ieraksti'!E5:E493,A58,'Vietņu ieraksti'!H5:H493) -> 0 | E58: =_xlfn.MINIFS('Vietņu ieraksti'!B5:B493,'Vietņu ieraksti'!E5:E493,A58) -> 46148 | F58: =_xlfn.MAXIFS('Vietņu ieraksti'!B5:B493,'Vietņu ieraksti'!E5:E493,A58) -> 46148 | G58: =COUNTIF(Pārskatīšana!C5:C213,A58) -> 1 | H58: =SUMPRODUCT(--('Vietņu ieraksti'!E5:E493=A58),--(LEN('Vietņu ieraksti'!R5:R493)>0)) -> 0 | J58: Apstiprināt / izveidot
A59: A. Čaka iela 123 | B59: A. Čaka iela 123 | C59: =COUNTIF('Vietņu ieraksti'!E5:E493,A59) -> 1 | D59: =SUMIF('Vietņu ieraksti'!E5:E493,A59,'Vietņu ieraksti'!H5:H493) -> 290 | E59: =_xlfn.MINIFS('Vietņu ieraksti'!B5:B493,'Vietņu ieraksti'!E5:E493,A59) -> 46175 | F59: =_xlfn.MAXIFS('Vietņu ieraksti'!B5:B493,'Vietņu ieraksti'!E5:E493,A59) -> 46175 | G59: =COUNTIF(Pārskatīšana!C5:C213,A59) -> 1 | H59: =SUMPRODUCT(--('Vietņu ieraksti'!E5:E493=A59),--(LEN('Vietņu ieraksti'!R5:R493)>0)) -> 1 | J59: Apstiprināt / izveidot
A60: Alūksnes nov, Liepnas Patvēruma meklētāju Centrs | B60: Alūksnes nov, Liepnas Patvēruma meklētāju Centrs | C60: =COUNTIF('Vietņu ieraksti'!E5:E493,A60) -> 1 | D60: =SUMIF('Vietņu ieraksti'!E5:E493,A60,'Vietņu ieraksti'!H5:H493) -> 334 | E60: =_xlfn.MINIFS('Vietņu ieraksti'!B5:B493,'Vietņu ieraksti'!E5:E493,A60) -> 46184 | F60: =_xlfn.MAXIFS('Vietņu ieraksti'!B5:B493,'Vietņu ieraksti'!E5:E493,A60) -> 46184 | G60: =COUNTIF(Pārskatīšana!C5:C213,A60) -> 0 | H60: =SUMPRODUCT(--('Vietņu ieraksti'!E5:E493=A60),--(LEN('Vietņu ieraksti'!R5:R493)>0)) -> 0 | J60: Apstiprināt / izveidot
A61: Alūksnes nov, Liepnas Patvērumu meklētāju centrs | B61: Alūksnes nov, Liepnas Patvērumu meklētāju centrs | C61: =COUNTIF('Vietņu ieraksti'!E5:E493,A61) -> 1 | D61: =SUMIF('Vietņu ieraksti'!E5:E493,A61,'Vietņu ieraksti'!H5:H493) -> 204 | E61: =_xlfn.MINIFS('Vietņu ieraksti'!B5:B493,'Vietņu ieraksti'!E5:E493,A61) -> 46219 | F61: =_xlfn.MAXIFS('Vietņu ieraksti'!B5:B493,'Vietņu ieraksti'!E5:E493,A61) -> 46219 | G61: =COUNTIF(Pārskatīšana!C5:C213,A61) -> 0 | H61: =SUMPRODUCT(--('Vietņu ieraksti'!E5:E493=A61),--(LEN('Vietņu ieraksti'!R5:R493)>0)) -> 0 | J61: Apstiprināt / izveidot
A62: Alūksnes novads, Liepnas Patvēruma meklētāju centrs | B62: Alūksnes novads, Liepnas Patvēruma meklētāju centrs | C62: =COUNTIF('Vietņu ieraksti'!E5:E493,A62) -> 1 | D62: =SUMIF('Vietņu ieraksti'!E5:E493,A62,'Vietņu ieraksti'!H5:H493) -> 310 | E62: =_xlfn.MINIFS('Vietņu ieraksti'!B5:B493,'Vietņu ieraksti'!E5:E493,A62) -> 46179 | F62: =_xlfn.MAXIFS('Vietņu ieraksti'!B5:B493,'Vietņu ieraksti'!E5:E493,A62) -> 46179 | G62: =COUNTIF(Pārskatīšana!C5:C213,A62) -> 0 | H62: =SUMPRODUCT(--('Vietņu ieraksti'!E5:E493=A62),--(LEN('Vietņu ieraksti'!R5:R493)>0)) -> 0 | J62: Apstiprināt / izveidot
A63: Amatu iela 6 | B63: Amatu iela 6 | C63: =COUNTIF('Vietņu ieraksti'!E5:E493,A63) -> 1 | D63: =SUMIF('Vietņu ieraksti'!E5:E493,A63,'Vietņu ieraksti'!H5:H493) -> 0 | E63: =_xlfn.MINIFS('Vietņu ieraksti'!B5:B493,'Vietņu ieraksti'!E5:E493,A63) -> 46150 | F63: =_xlfn.MAXIFS('Vietņu ieraksti'!B5:B493,'Vietņu ieraksti'!E5:E493,A63) -> 46150 | G63: =COUNTIF(Pārskatīšana!C5:C213,A63) -> 1 | H63: =SUMPRODUCT(--('Vietņu ieraksti'!E5:E493=A63),--(LEN('Vietņu ieraksti'!R5:R493)>0)) -> 0 | J63: Apstiprināt / izveidot
A64: Anglikāņu 3, Vec | B64: Anglikāņu 3, Vec | C64: =COUNTIF('Vietņu ieraksti'!E5:E493,A64) -> 1 | D64: =SUMIF('Vietņu ieraksti'!E5:E493,A64,'Vietņu ieraksti'!H5:H493) -> 60 | E64: =_xlfn.MINIFS('Vietņu ieraksti'!B5:B493,'Vietņu ieraksti'!E5:E493,A64) -> 46093 | F64: =_xlfn.MAXIFS('Vietņu ieraksti'!B5:B493,'Vietņu ieraksti'!E5:E493,A64) -> 46093 | G64: =COUNTIF(Pārskatīšana!C5:C213,A64) -> 0 | H64: =SUMPRODUCT(--('Vietņu ieraksti'!E5:E493=A64),--(LEN('Vietņu ieraksti'!R5:R493)>0)) -> 0 | J64: Apstiprināt / izveidot
A65: Anniņmuižas bulvāris | B65: Anniņmuižas bulvāris | C65: =COUNTIF('Vietņu ieraksti'!E5:E493,A65) -> 1 | D65: =SUMIF('Vietņu ieraksti'!E5:E493,A65,'Vietņu ieraksti'!H5:H493) -> 263 | E65: =_xlfn.MINIFS('Vietņu ieraksti'!B5:B493,'Vietņu ieraksti'!E5:E493,A65) -> 46077 | F65: =_xlfn.MAXIFS('Vietņu ieraksti'!B5:B493,'Vietņu ieraksti'!E5:E493,A65) -> 46077 | G65: =COUNTIF(Pārskatīšana!C5:C213,A65) -> 0 | H65: =SUMPRODUCT(--('Vietņu ieraksti'!E5:E493=A65),--(LEN('Vietņu ieraksti'!R5:R493)>0)) -> 0 | J65: Apstiprināt / izveidot
A66: Anniņmuižas Bulvāris 30A | B66: Anniņmuižas Bulvāris 30A | C66: =COUNTIF('Vietņu ieraksti'!E5:E493,A66) -> 1 | D66: =SUMIF('Vietņu ieraksti'!E5:E493,A66,'Vietņu ieraksti'!H5:H493) -> 93 | E66: =_xlfn.MINIFS('Vietņu ieraksti'!B5:B493,'Vietņu ieraksti'!E5:E493,A66) -> 46088 | F66: =_xlfn.MAXIFS('Vietņu ieraksti'!B5:B493,'Vietņu ieraksti'!E5:E493,A66) -> 46088 | G66: =COUNTIF(Pārskatīšana!C5:C213,A66) -> 0 | H66: =SUMPRODUCT(--('Vietņu ieraksti'!E5:E493=A66),--(LEN('Vietņu ieraksti'!R5:R493)>0)) -> 0 | J66: Apstiprināt / izveidot
A67: Anniņmuižas bulvāris 30a Estrich 167m² | B67: Anniņmuižas bulvāris 30a Estrich 167m² | C67: =COUNTIF('Vietņu ieraksti'!E5:E493,A67) -> 1 | D67: =SUMIF('Vietņu ieraksti'!E5:E493,A67,'Vietņu ieraksti'!H5:H493) -> 167 | E67: =_xlfn.MINIFS('Vietņu ieraksti'!B5:B493,'Vietņu ieraksti'!E5:E493,A67) -> 46087 | F67: =_xlfn.MAXIFS('Vietņu ieraksti'!B5:B493,'Vietņu ieraksti'!E5:E493,A67) -> 46087 | G67: =COUNTIF(Pārskatīšana!C5:C213,A67) -> 0 | H67: =SUMPRODUCT(--('Vietņu ieraksti'!E5:E493=A67),--(LEN('Vietņu ieraksti'!R5:R493)>0)) -> 0 | J67: Apstiprināt / izveidot
A68: Aspazijas bulvāris 3 | B68: Aspazijas bulvāris 3 | C68: =COUNTIF('Vietņu ieraksti'!E5:E493,A68) -> 1 | D68: =SUMIF('Vietņu ieraksti'!E5:E493,A68,'Vietņu ieraksti'!H5:H493) -> 150 | E68: =_xlfn.MINIFS('Vietņu ieraksti'!B5:B493,'Vietņu ieraksti'!E5:E493,A68) -> 46114 | F68: =_xlfn.MAXIFS('Vietņu ieraksti'!B5:B493,'Vietņu ieraksti'!E5:E493,A68) -> 46114 | G68: =COUNTIF(Pārskatīšana!C5:C213,A68) -> 0 | H68: =SUMPRODUCT(--('Vietņu ieraksti'!E5:E493=A68),--(LEN('Vietņu ieraksti'!R5:R493)>0)) -> 0 | J68: Apstiprināt / izveidot
A69: Aspāzijas būlvāris 3, Rīga Opera | B69: Aspāzijas būlvāris 3, Rīga Opera | C69: =COUNTIF('Vietņu ieraksti'!E5:E493,A69) -> 1 | D69: =SUMIF('Vietņu ieraksti'!E5:E493,A69,'Vietņu ieraksti'!H5:H493) -> 50 | E69: =_xlfn.MINIFS('Vietņu ieraksti'!B5:B493,'Vietņu ieraksti'!E5:E493,A69) -> 46151 | F69: =_xlfn.MAXIFS('Vietņu ieraksti'!B5:B493,'Vietņu ieraksti'!E5:E493,A69) -> 46151 | G69: =COUNTIF(Pārskatīšana!C5:C213,A69) -> 0 | H69: =SUMPRODUCT(--('Vietņu ieraksti'!E5:E493=A69),--(LEN('Vietņu ieraksti'!R5:R493)>0)) -> 0 | J69: Apstiprināt / izveidot
A70: Baldone | B70: Baldone | C70: =COUNTIF('Vietņu ieraksti'!E5:E493,A70) -> 1 | D70: =SUMIF('Vietņu ieraksti'!E5:E493,A70,'Vietņu ieraksti'!H5:H493) -> 127 | E70: =_xlfn.MINIFS('Vietņu ieraksti'!B5:B493,'Vietņu ieraksti'!E5:E493,A70) -> 46225 | F70: =_xlfn.MAXIFS('Vietņu ieraksti'!B5:B493,'Vietņu ieraksti'!E5:E493,A70) -> 46225 | G70: =COUNTIF(Pārskatīšana!C5:C213,A70) -> 0 | H70: =SUMPRODUCT(--('Vietņu ieraksti'!E5:E493=A70),--(LEN('Vietņu ieraksti'!R5:R493)>0)) -> 0 | J70: Apstiprināt / izveidot
A71: Baltezers | B71: Baltezers | C71: =COUNTIF('Vietņu ieraksti'!E5:E493,A71) -> 1 | D71: =SUMIF('Vietņu ieraksti'!E5:E493,A71,'Vietņu ieraksti'!H5:H493) -> 200 | E71: =_xlfn.MINIFS('Vietņu ieraksti'!B5:B493,'Vietņu ieraksti'!E5:E493,A71) -> 46092 | F71: =_xlfn.MAXIFS('Vietņu ieraksti'!B5:B493,'Vietņu ieraksti'!E5:E493,A71) -> 46092 | G71: =COUNTIF(Pārskatīšana!C5:C213,A71) -> 0 | H71: =SUMPRODUCT(--('Vietņu ieraksti'!E5:E493=A71),--(LEN('Vietņu ieraksti'!R5:R493)>0)) -> 0 | J71: Apstiprināt / izveidot
A72: Baznīcas iela 3, Skaistkalne | B72: Baznīcas iela 3, Skaistkalne | C72: =COUNTIF('Vietņu ieraksti'!E5:E493,A72) -> 1 | D72: =SUMIF('Vietņu ieraksti'!E5:E493,A72,'Vietņu ieraksti'!H5:H493) -> 56 | E72: =_xlfn.MINIFS('Vietņu ieraksti'!B5:B493,'Vietņu ieraksti'!E5:E493,A72) -> 46138 | F72: =_xlfn.MAXIFS('Vietņu ieraksti'!B5:B493,'Vietņu ieraksti'!E5:E493,A72) -> 46138 | G72: =COUNTIF(Pārskatīšana!C5:C213,A72) -> 0 | H72: =SUMPRODUCT(--('Vietņu ieraksti'!E5:E493=A72),--(LEN('Vietņu ieraksti'!R5:R493)>0)) -> 1 | J72: Apstiprināt / izveidot
A73: Cēsis birzes iela 3 | B73: Cēsis birzes iela 3 | C73: =COUNTIF('Vietņu ieraksti'!E5:E493,A73) -> 1 | D73: =SUMIF('Vietņu ieraksti'!E5:E493,A73,'Vietņu ieraksti'!H5:H493) -> 0 | E73: =_xlfn.MINIFS('Vietņu ieraksti'!B5:B493,'Vietņu ieraksti'!E5:E493,A73) -> 46150 | F73: =_xlfn.MAXIFS('Vietņu ieraksti'!B5:B493,'Vietņu ieraksti'!E5:E493,A73) -> 46150 | G73: =COUNTIF(Pārskatīšana!C5:C213,A73) -> 1 | H73: =SUMPRODUCT(--('Vietņu ieraksti'!E5:E493=A73),--(LEN('Vietņu ieraksti'!R5:R493)>0)) -> 0 | J73: Apstiprināt / izveidot
A74: Čaka iela 27 | B74: Čaka iela 27 | C74: =COUNTIF('Vietņu ieraksti'!E5:E493,A74) -> 1 | D74: =SUMIF('Vietņu ieraksti'!E5:E493,A74,'Vietņu ieraksti'!H5:H493) -> 0 | E74: =_xlfn.MINIFS('Vietņu ieraksti'!B5:B493,'Vietņu ieraksti'!E5:E493,A74) -> 46202 | F74: =_xlfn.MAXIFS('Vietņu ieraksti'!B5:B493,'Vietņu ieraksti'!E5:E493,A74) -> 46202 | G74: =COUNTIF(Pārskatīšana!C5:C213,A74) -> 1 | H74: =SUMPRODUCT(--('Vietņu ieraksti'!E5:E493=A74),--(LEN('Vietņu ieraksti'!R5:R493)>0)) -> 0 | J74: Apstiprināt / izveidot
A75: Darza iela 28,Ragana | B75: Darza iela 28,Ragana | C75: =COUNTIF('Vietņu ieraksti'!E5:E493,A75) -> 1 | D75: =SUMIF('Vietņu ieraksti'!E5:E493,A75,'Vietņu ieraksti'!H5:H493) -> 50 | E75: =_xlfn.MINIFS('Vietņu ieraksti'!B5:B493,'Vietņu ieraksti'!E5:E493,A75) -> 46226 | F75: =_xlfn.MAXIFS('Vietņu ieraksti'!B5:B493,'Vietņu ieraksti'!E5:E493,A75) -> 46226 | G75: =COUNTIF(Pārskatīšana!C5:C213,A75) -> 0 | H75: =SUMPRODUCT(--('Vietņu ieraksti'!E5:E493=A75),--(LEN('Vietņu ieraksti'!R5:R493)>0)) -> 0 | J75: Apstiprināt / izveidot
A76: Dārzciema iela 16 | B76: Dārzciema iela 16 | C76: =COUNTIF('Vietņu ieraksti'!E5:E493,A76) -> 1 | D76: =SUMIF('Vietņu ieraksti'!E5:E493,A76,'Vietņu ieraksti'!H5:H493) -> 213 | E76: =_xlfn.MINIFS('Vietņu ieraksti'!B5:B493,'Vietņu ieraksti'!E5:E493,A76) -> 46056 | F76: =_xlfn.MAXIFS('Vietņu ieraksti'!B5:B493,'Vietņu ieraksti'!E5:E493,A76) -> 46056 | G76: =COUNTIF(Pārskatīšana!C5:C213,A76) -> 0 | H76: =SUMPRODUCT(--('Vietņu ieraksti'!E5:E493=A76),--(LEN('Vietņu ieraksti'!R5:R493)>0)) -> 0 | J76: Apstiprināt / izveidot
A77: Dārzciema ielā | B77: Dārzciema ielā | C77: =COUNTIF('Vietņu ieraksti'!E5:E493,A77) -> 1 | D77: =SUMIF('Vietņu ieraksti'!E5:E493,A77,'Vietņu ieraksti'!H5:H493) -> 59 | E77: =_xlfn.MINIFS('Vietņu ieraksti'!B5:B493,'Vietņu ieraksti'!E5:E493,A77) -> 46058 | F77: =_xlfn.MAXIFS('Vietņu ieraksti'!B5:B493,'Vietņu ieraksti'!E5:E493,A77) -> 46058 | G77: =COUNTIF(Pārskatīšana!C5:C213,A77) -> 1 | H77: =SUMPRODUCT(--('Vietņu ieraksti'!E5:E493=A77),--(LEN('Vietņu ieraksti'!R5:R493)>0)) -> 0 | J77: Apstiprināt / izveidot
A78: Dārziņi 29 līnija 2 | B78: Dārziņi 29 līnija 2 | C78: =COUNTIF('Vietņu ieraksti'!E5:E493,A78) -> 1 | D78: =SUMIF('Vietņu ieraksti'!E5:E493,A78,'Vietņu ieraksti'!H5:H493) -> 0 | E78: =_xlfn.MINIFS('Vietņu ieraksti'!B5:B493,'Vietņu ieraksti'!E5:E493,A78) -> 46211 | F78: =_xlfn.MAXIFS('Vietņu ieraksti'!B5:B493,'Vietņu ieraksti'!E5:E493,A78) -> 46211 | G78: =COUNTIF(Pārskatīšana!C5:C213,A78) -> 1 | H78: =SUMPRODUCT(--('Vietņu ieraksti'!E5:E493=A78),--(LEN('Vietņu ieraksti'!R5:R493)>0)) -> 0 | J78: Apstiprināt / izveidot
A79: Expon | B79: Expon | C79: =COUNTIF('Vietņu ieraksti'!E5:E493,A79) -> 1 | D79: =SUMIF('Vietņu ieraksti'!E5:E493,A79,'Vietņu ieraksti'!H5:H493) -> 427 | E79: =_xlfn.MINIFS('Vietņu ieraksti'!B5:B493,'Vietņu ieraksti'!E5:E493,A79) -> 46065 | F79: =_xlfn.MAXIFS('Vietņu ieraksti'!B5:B493,'Vietņu ieraksti'!E5:E493,A79) -> 46065 | G79: =COUNTIF(Pārskatīšana!C5:C213,A79) -> 1 | H79: =SUMPRODUCT(--('Vietņu ieraksti'!E5:E493=A79),--(LEN('Vietņu ieraksti'!R5:R493)>0)) -> 1 | J79: Apstiprināt / izveidot
A80: Gaidas iela 3 Jūrmala | B80: Gaidas iela 3 Jūrmala | C80: =COUNTIF('Vietņu ieraksti'!E5:E493,A80) -> 1 | D80: =SUMIF('Vietņu ieraksti'!E5:E493,A80,'Vietņu ieraksti'!H5:H493) -> 0 | E80: =_xlfn.MINIFS('Vietņu ieraksti'!B5:B493,'Vietņu ieraksti'!E5:E493,A80) -> 46241 | F80: =_xlfn.MAXIFS('Vietņu ieraksti'!B5:B493,'Vietņu ieraksti'!E5:E493,A80) -> 46241 | G80: =COUNTIF(Pārskatīšana!C5:C213,A80) -> 1 | H80: =SUMPRODUCT(--('Vietņu ieraksti'!E5:E493=A80),--(LEN('Vietņu ieraksti'!R5:R493)>0)) -> 0 | J80: Apstiprināt / izveidot
A81: Garciems | B81: Garciems | C81: =COUNTIF('Vietņu ieraksti'!E5:E493,A81) -> 1 | D81: =SUMIF('Vietņu ieraksti'!E5:E493,A81,'Vietņu ieraksti'!H5:H493) -> 0 | E81: =_xlfn.MINIFS('Vietņu ieraksti'!B5:B493,'Vietņu ieraksti'!E5:E493,A81) -> 46134 | F81: =_xlfn.MAXIFS('Vietņu ieraksti'!B5:B493,'Vietņu ieraksti'!E5:E493,A81) -> 46134 | G81: =COUNTIF(Pārskatīšana!C5:C213,A81) -> 1 | H81: =SUMPRODUCT(--('Vietņu ieraksti'!E5:E493=A81),--(LEN('Vietņu ieraksti'!R5:R493)>0)) -> 0 | J81: Apstiprināt / izveidot
A82: Grunduļu 9, Divezeri | B82: Grunduļu 9, Divezeri | C82: =COUNTIF('Vietņu ieraksti'!E5:E493,A82) -> 1 | D82: =SUMIF('Vietņu ieraksti'!E5:E493,A82,'Vietņu ieraksti'!H5:H493) -> 0 | E82: =_xlfn.MINIFS('Vietņu ieraksti'!B5:B493,'Vietņu ieraksti'!E5:E493,A82) -> 46161 | F82: =_xlfn.MAXIFS('Vietņu ieraksti'!B5:B493,'Vietņu ieraksti'!E5:E493,A82) -> 46161 | G82: =COUNTIF(Pārskatīšana!C5:C213,A82) -> 1 | H82: =SUMPRODUCT(--('Vietņu ieraksti'!E5:E493=A82),--(LEN('Vietņu ieraksti'!R5:R493)>0)) -> 0 | J82: Apstiprināt / izveidot
A83: Gsidu 3, Jurmala | B83: Gsidu 3, Jurmala | C83: =COUNTIF('Vietņu ieraksti'!E5:E493,A83) -> 1 | D83: =SUMIF('Vietņu ieraksti'!E5:E493,A83,'Vietņu ieraksti'!H5:H493) -> 135 | E83: =_xlfn.MINIFS('Vietņu ieraksti'!B5:B493,'Vietņu ieraksti'!E5:E493,A83) -> 46254 | F83: =_xlfn.MAXIFS('Vietņu ieraksti'!B5:B493,'Vietņu ieraksti'!E5:E493,A83) -> 46254 | G83: =COUNTIF(Pārskatīšana!C5:C213,A83) -> 1 | H83: =SUMPRODUCT(--('Vietņu ieraksti'!E5:E493=A83),--(LEN('Vietņu ieraksti'!R5:R493)>0)) -> 1 | J83: Apstiprināt / izveidot
A84: Igaunija | B84: Igaunija | C84: =COUNTIF('Vietņu ieraksti'!E5:E493,A84) -> 1 | D84: =SUMIF('Vietņu ieraksti'!E5:E493,A84,'Vietņu ieraksti'!H5:H493) -> 0 | E84: =_xlfn.MINIFS('Vietņu ieraksti'!B5:B493,'Vietņu ieraksti'!E5:E493,A84) -> 46094 | F84: =_xlfn.MAXIFS('Vietņu ieraksti'!B5:B493,'Vietņu ieraksti'!E5:E493,A84) -> 46094 | G84: =COUNTIF(Pārskatīšana!C5:C213,A84) -> 1 | H84: =SUMPRODUCT(--('Vietņu ieraksti'!E5:E493=A84),--(LEN('Vietņu ieraksti'!R5:R493)>0)) -> 0 | J84: Apstiprināt / izveidot
A85: Indrānu iela 12 | B85: Indrānu iela 12 | C85: =COUNTIF('Vietņu ieraksti'!E5:E493,A85) -> 1 | D85: =SUMIF('Vietņu ieraksti'!E5:E493,A85,'Vietņu ieraksti'!H5:H493) -> 260 | E85: =_xlfn.MINIFS('Vietņu ieraksti'!B5:B493,'Vietņu ieraksti'!E5:E493,A85) -> 46108 | F85: =_xlfn.MAXIFS('Vietņu ieraksti'!B5:B493,'Vietņu ieraksti'!E5:E493,A85) -> 46108 | G85: =COUNTIF(Pārskatīšana!C5:C213,A85) -> 0 | H85: =SUMPRODUCT(--('Vietņu ieraksti'!E5:E493=A85),--(LEN('Vietņu ieraksti'!R5:R493)>0)) -> 0 | J85: Apstiprināt / izveidot
A86: Jasmīnu iela 8. Sigūlda | B86: Jasmīnu iela 8. Sigūlda | C86: =COUNTIF('Vietņu ieraksti'!E5:E493,A86) -> 1 | D86: =SUMIF('Vietņu ieraksti'!E5:E493,A86,'Vietņu ieraksti'!H5:H493) -> 73 | E86: =_xlfn.MINIFS('Vietņu ieraksti'!B5:B493,'Vietņu ieraksti'!E5:E493,A86) -> 46091 | F86: =_xlfn.MAXIFS('Vietņu ieraksti'!B5:B493,'Vietņu ieraksti'!E5:E493,A86) -> 46091 | G86: =COUNTIF(Pārskatīšana!C5:C213,A86) -> 0 | H86: =SUMPRODUCT(--('Vietņu ieraksti'!E5:E493=A86),--(LEN('Vietņu ieraksti'!R5:R493)>0)) -> 0 | J86: Apstiprināt / izveidot
A87: Jānūži, Gulbenes novads | B87: Jānūži, Gulbenes novads | C87: =COUNTIF('Vietņu ieraksti'!E5:E493,A87) -> 1 | D87: =SUMIF('Vietņu ieraksti'!E5:E493,A87,'Vietņu ieraksti'!H5:H493) -> 17 | E87: =_xlfn.MINIFS('Vietņu ieraksti'!B5:B493,'Vietņu ieraksti'!E5:E493,A87) -> 46240 | F87: =_xlfn.MAXIFS('Vietņu ieraksti'!B5:B493,'Vietņu ieraksti'!E5:E493,A87) -> 46240 | G87: =COUNTIF(Pārskatīšana!C5:C213,A87) -> 1 | H87: =SUMPRODUCT(--('Vietņu ieraksti'!E5:E493=A87),--(LEN('Vietņu ieraksti'!R5:R493)>0)) -> 0 | J87: Apstiprināt / izveidot
A88: Jelgava, Brīvības bulvāris 6 | B88: Jelgava, Brīvības bulvāris 6 | C88: =COUNTIF('Vietņu ieraksti'!E5:E493,A88) -> 1 | D88: =SUMIF('Vietņu ieraksti'!E5:E493,A88,'Vietņu ieraksti'!H5:H493) -> 35 | E88: =_xlfn.MINIFS('Vietņu ieraksti'!B5:B493,'Vietņu ieraksti'!E5:E493,A88) -> 46248 | F88: =_xlfn.MAXIFS('Vietņu ieraksti'!B5:B493,'Vietņu ieraksti'!E5:E493,A88) -> 46248 | G88: =COUNTIF(Pārskatīšana!C5:C213,A88) -> 0 | H88: =SUMPRODUCT(--('Vietņu ieraksti'!E5:E493=A88),--(LEN('Vietņu ieraksti'!R5:R493)>0)) -> 0 | J88: Apstiprināt / izveidot
A89: Jelgavas iela 68 | B89: Jelgavas iela 68 | C89: =COUNTIF('Vietņu ieraksti'!E5:E493,A89) -> 1 | D89: =SUMIF('Vietņu ieraksti'!E5:E493,A89,'Vietņu ieraksti'!H5:H493) -> 80 | E89: =_xlfn.MINIFS('Vietņu ieraksti'!B5:B493,'Vietņu ieraksti'!E5:E493,A89) -> 46123 | F89: =_xlfn.MAXIFS('Vietņu ieraksti'!B5:B493,'Vietņu ieraksti'!E5:E493,A89) -> 46123 | G89: =COUNTIF(Pārskatīšana!C5:C213,A89) -> 0 | H89: =SUMPRODUCT(--('Vietņu ieraksti'!E5:E493=A89),--(LEN('Vietņu ieraksti'!R5:R493)>0)) -> 0 | J89: Apstiprināt / izveidot
A90: Kocēni, Valmiera | B90: Kocēni, Valmiera | C90: =COUNTIF('Vietņu ieraksti'!E5:E493,A90) -> 1 | D90: =SUMIF('Vietņu ieraksti'!E5:E493,A90,'Vietņu ieraksti'!H5:H493) -> 142 | E90: =_xlfn.MINIFS('Vietņu ieraksti'!B5:B493,'Vietņu ieraksti'!E5:E493,A90) -> 46139 | F90: =_xlfn.MAXIFS('Vietņu ieraksti'!B5:B493,'Vietņu ieraksti'!E5:E493,A90) -> 46139 | G90: =COUNTIF(Pārskatīšana!C5:C213,A90) -> 0 | H90: =SUMPRODUCT(--('Vietņu ieraksti'!E5:E493=A90),--(LEN('Vietņu ieraksti'!R5:R493)>0)) -> 1 | J90: Apstiprināt / izveidot
A91: Kokneses prospekts 20 | B91: Kokneses prospekts 20 | C91: =COUNTIF('Vietņu ieraksti'!E5:E493,A91) -> 1 | D91: =SUMIF('Vietņu ieraksti'!E5:E493,A91,'Vietņu ieraksti'!H5:H493) -> 30 | E91: =_xlfn.MINIFS('Vietņu ieraksti'!B5:B493,'Vietņu ieraksti'!E5:E493,A91) -> 46162 | F91: =_xlfn.MAXIFS('Vietņu ieraksti'!B5:B493,'Vietņu ieraksti'!E5:E493,A91) -> 46162 | G91: =COUNTIF(Pārskatīšana!C5:C213,A91) -> 0 | H91: =SUMPRODUCT(--('Vietņu ieraksti'!E5:E493=A91),--(LEN('Vietņu ieraksti'!R5:R493)>0)) -> 0 | J91: Apstiprināt / izveidot
A92: Korts Siguldā uzklāts WD130 seal | B92: Korts Siguldā uzklāts WD130 seal | C92: =COUNTIF('Vietņu ieraksti'!E5:E493,A92) -> 1 | D92: =SUMIF('Vietņu ieraksti'!E5:E493,A92,'Vietņu ieraksti'!H5:H493) -> 200 | E92: =_xlfn.MINIFS('Vietņu ieraksti'!B5:B493,'Vietņu ieraksti'!E5:E493,A92) -> 46153 | F92: =_xlfn.MAXIFS('Vietņu ieraksti'!B5:B493,'Vietņu ieraksti'!E5:E493,A92) -> 46153 | G92: =COUNTIF(Pārskatīšana!C5:C213,A92) -> 1 | H92: =SUMPRODUCT(--('Vietņu ieraksti'!E5:E493=A92),--(LEN('Vietņu ieraksti'!R5:R493)>0)) -> 1 | J92: Apstiprināt / izveidot
A93: Latgales iela 187 | B93: Latgales iela 187 | C93: =COUNTIF('Vietņu ieraksti'!E5:E493,A93) -> 1 | D93: =SUMIF('Vietņu ieraksti'!E5:E493,A93,'Vietņu ieraksti'!H5:H493) -> 289 | E93: =_xlfn.MINIFS('Vietņu ieraksti'!B5:B493,'Vietņu ieraksti'!E5:E493,A93) -> 46097 | F93: =_xlfn.MAXIFS('Vietņu ieraksti'!B5:B493,'Vietņu ieraksti'!E5:E493,A93) -> 46097 | G93: =COUNTIF(Pārskatīšana!C5:C213,A93) -> 0 | H93: =SUMPRODUCT(--('Vietņu ieraksti'!E5:E493=A93),--(LEN('Vietņu ieraksti'!R5:R493)>0)) -> 0 | J93: Apstiprināt / izveidot
A94: Lidotāju iela 1A, Daugavpils | B94: Lidotāju iela 1A, Daugavpils | C94: =COUNTIF('Vietņu ieraksti'!E5:E493,A94) -> 1 | D94: =SUMIF('Vietņu ieraksti'!E5:E493,A94,'Vietņu ieraksti'!H5:H493) -> 0 | E94: =_xlfn.MINIFS('Vietņu ieraksti'!B5:B493,'Vietņu ieraksti'!E5:E493,A94) -> 46240 | F94: =_xlfn.MAXIFS('Vietņu ieraksti'!B5:B493,'Vietņu ieraksti'!E5:E493,A94) -> 46240 | G94: =COUNTIF(Pārskatīšana!C5:C213,A94) -> 1 | H94: =SUMPRODUCT(--('Vietņu ieraksti'!E5:E493=A94),--(LEN('Vietņu ieraksti'!R5:R493)>0)) -> 1 | J94: Apstiprināt / izveidot
A95: Liepāja cukura iela | B95: Liepāja cukura iela | C95: =COUNTIF('Vietņu ieraksti'!E5:E493,A95) -> 1 | D95: =SUMIF('Vietņu ieraksti'!E5:E493,A95,'Vietņu ieraksti'!H5:H493) -> 810 | E95: =_xlfn.MINIFS('Vietņu ieraksti'!B5:B493,'Vietņu ieraksti'!E5:E493,A95) -> 46101 | F95: =_xlfn.MAXIFS('Vietņu ieraksti'!B5:B493,'Vietņu ieraksti'!E5:E493,A95) -> 46101 | G95: =COUNTIF(Pārskatīšana!C5:C213,A95) -> 0 | H95: =SUMPRODUCT(--('Vietņu ieraksti'!E5:E493=A95),--(LEN('Vietņu ieraksti'!R5:R493)>0)) -> 0 | J95: Apstiprināt / izveidot
A96: Liepāja cukura iela 7 | B96: Liepāja cukura iela 7 | C96: =COUNTIF('Vietņu ieraksti'!E5:E493,A96) -> 1 | D96: =SUMIF('Vietņu ieraksti'!E5:E493,A96,'Vietņu ieraksti'!H5:H493) -> 0 | E96: =_xlfn.MINIFS('Vietņu ieraksti'!B5:B493,'Vietņu ieraksti'!E5:E493,A96) -> 46099 | F96: =_xlfn.MAXIFS('Vietņu ieraksti'!B5:B493,'Vietņu ieraksti'!E5:E493,A96) -> 46099 | G96: =COUNTIF(Pārskatīšana!C5:C213,A96) -> 1 | H96: =SUMPRODUCT(--('Vietņu ieraksti'!E5:E493=A96),--(LEN('Vietņu ieraksti'!R5:R493)>0)) -> 0 | J96: Apstiprināt / izveidot
A97: Lietuva | B97: Lietuva | C97: =COUNTIF('Vietņu ieraksti'!E5:E493,A97) -> 1 | D97: =SUMIF('Vietņu ieraksti'!E5:E493,A97,'Vietņu ieraksti'!H5:H493) -> 0 | E97: =_xlfn.MINIFS('Vietņu ieraksti'!B5:B493,'Vietņu ieraksti'!E5:E493,A97) -> 46067 | F97: =_xlfn.MAXIFS('Vietņu ieraksti'!B5:B493,'Vietņu ieraksti'!E5:E493,A97) -> 46067 | G97: =COUNTIF(Pārskatīšana!C5:C213,A97) -> 1 | H97: =SUMPRODUCT(--('Vietņu ieraksti'!E5:E493=A97),--(LEN('Vietņu ieraksti'!R5:R493)>0)) -> 0 | J97: Apstiprināt / izveidot
A98: Limbaži sporta iela | B98: Limbaži sporta iela | C98: =COUNTIF('Vietņu ieraksti'!E5:E493,A98) -> 1 | D98: =SUMIF('Vietņu ieraksti'!E5:E493,A98,'Vietņu ieraksti'!H5:H493) -> 0 | E98: =_xlfn.MINIFS('Vietņu ieraksti'!B5:B493,'Vietņu ieraksti'!E5:E493,A98) -> 46185 | F98: =_xlfn.MAXIFS('Vietņu ieraksti'!B5:B493,'Vietņu ieraksti'!E5:E493,A98) -> 46185 | G98: =COUNTIF(Pārskatīšana!C5:C213,A98) -> 1 | H98: =SUMPRODUCT(--('Vietņu ieraksti'!E5:E493=A98),--(LEN('Vietņu ieraksti'!R5:R493)>0)) -> 0 | J98: Apstiprināt / izveidot
A99: Lībekas iela 3 mežaparks | B99: Lībekas iela 3 mežaparks | C99: =COUNTIF('Vietņu ieraksti'!E5:E493,A99) -> 1 | D99: =SUMIF('Vietņu ieraksti'!E5:E493,A99,'Vietņu ieraksti'!H5:H493) -> 0 | E99: =_xlfn.MINIFS('Vietņu ieraksti'!B5:B493,'Vietņu ieraksti'!E5:E493,A99) -> 46244 | F99: =_xlfn.MAXIFS('Vietņu ieraksti'!B5:B493,'Vietņu ieraksti'!E5:E493,A99) -> 46244 | G99: =COUNTIF(Pārskatīšana!C5:C213,A99) -> 1 | H99: =SUMPRODUCT(--('Vietņu ieraksti'!E5:E493=A99),--(LEN('Vietņu ieraksti'!R5:R493)>0)) -> 0 | J99: Apstiprināt / izveidot
A100: Līvas iela Ozolnieki | B100: Līvas iela Ozolnieki | C100: =COUNTIF('Vietņu ieraksti'!E5:E493,A100) -> 1 | D100: =SUMIF('Vietņu ieraksti'!E5:E493,A100,'Vietņu ieraksti'!H5:H493) -> 0 | E100: =_xlfn.MINIFS('Vietņu ieraksti'!B5:B493,'Vietņu ieraksti'!E5:E493,A100) -> 46216 | F100: =_xlfn.MAXIFS('Vietņu ieraksti'!B5:B493,'Vietņu ieraksti'!E5:E493,A100) -> 46216 | G100: =COUNTIF(Pārskatīšana!C5:C213,A100) -> 1 | H100: =SUMPRODUCT(--('Vietņu ieraksti'!E5:E493=A100),--(LEN('Vietņu ieraksti'!R5:R493)>0)) -> 0 | J100: Apstiprināt / izveidot
A101: Lūgums obligāti katru dienu aizpildīt paveikto darbu lapas | B101: Lūgums obligāti katru dienu aizpildīt paveikto darbu lapas | C101: =COUNTIF('Vietņu ieraksti'!E5:E493,A101) -> 1 | D101: =SUMIF('Vietņu ieraksti'!E5:E493,A101,'Vietņu ieraksti'!H5:H493) -> 0 | E101: =_xlfn.MINIFS('Vietņu ieraksti'!B5:B493,'Vietņu ieraksti'!E5:E493,A101) -> 46265 | F101: =_xlfn.MAXIFS('Vietņu ieraksti'!B5:B493,'Vietņu ieraksti'!E5:E493,A101) -> 46265 | G101: =COUNTIF(Pārskatīšana!C5:C213,A101) -> 1 | H101: =SUMPRODUCT(--('Vietņu ieraksti'!E5:E493=A101),--(LEN('Vietņu ieraksti'!R5:R493)>0)) -> 0 | J101: Apstiprināt / izveidot
...

Sheet Vietņu ieraksti
A1: 2026. gada piedāvātie vietņu dienasgrāmatas ieraksti
A2: Avots: WhatsApp eksports. Automātiska pirmsimporta sagatave — 489 rindas; nekas nav augšupielādēts WorksRecorded.
A4: Ieraksta ID | B4: Darba datums | C4: Ziņas datums | D4: Laiks | E4: Projekts — normalizēts | F4: Projekts — avotā | G4: Darba veids | H4: Apjoms m² | I4: Biezums no, mm | J4: Biezums līdz, mm | K4: Stāvs / zona | L4: Cements, maisi | M4: Līme, vien. | N4: Plēve, ruļļi | O4: Granulas, vien. | P4: Materiāli / detaļas | Q4: Autors | R4: Multivides faili | S4: Avota ziņa | T4: Pārliecība | U4: Pārskatīšanas statuss | V4: Pārskatīšanas iemesls | W4: Avota ziņas Nr. | X4: Importa darbība
A5: WR-2026-0001 | B5: 46027 | C5: 46027 | D5: 18:08:59 | E5: Barona iela 119 | F5: Barona iela 119 | G5: Thermowhite | H5: 235 | M5: 49 | Q5: Ronalds Gatavotājs TW Pumpists | S5: Barona iela 119 235 m2 49 līmes 05.01.26. | T5: Augsta | U5: Gatavs pārbaudei | W5: 275 | X5: Iekļaut
A6: WR-2026-0002 | B6: 46027 | C6: 46027 | D6: 17:13:45 | E6: Dzirciema iela 16 | F6: Dzirciema iela 16 | G6: Thermowhite | H6: 300 | M6: 69 | Q6: Dāvis Estrich Limeni Jaunā Brigāde | S6: Dzirciema iela 16, Rīga 300m2 Thermo 69maisi līme 05.01.2026 | T6: Augsta | U6: Gatavs pārbaudei | W6: 274 | X6: Iekļaut
A7: WR-2026-0003 | B7: 46028 | C7: 46028 | D7: 18:20:05 | E7: Barona iela 119 | F7: Barona iela 119 | G7: Thermowhite | H7: 293 | M7: 69 | Q7: Ronalds Gatavotājs TW Pumpists | S7: Barona iela 119 293 m2 69 līmes 06.01.26 | T7: Augsta | U7: Gatavs pārbaudei | W7: 278 | X7: Iekļaut
A8: WR-2026-0004 | B8: 46028 | C8: 46028 | D8: 15:48:27 | E8: Kadaga DEPO | F8: Kadaga DEPO | G8: Šuvju aizpildīšana | P8: PENOSIL 8GB + SILKA 4GB | Q8: Edijs Vinvalks | S8: Kadaga DEPO - Visa platība aizpildītas šuves starp pamatni un sienām + kāpnes PENOSIL 8GB + SILKA 4GB 06.01.2026 | T8: Vidēja | U8: Pārbaudīt | V8: Nav norādīts m² apjoms | W8: 276 | X8: Pārskatīt
A9: WR-2026-0005 | B9: 46028 | C9: 46028 | D9: 16:53:44 | E9: Vēžu iela 4, Roja | F9: Roja Vēžu iela 4 | G9: Thermowhite | H9: 113 | M9: 34 | P9: TW 113m² 34 līmes un granulas | Q9: Artis Expon Briško | S9: Roja Vēžu iela 4 TW 113m² 34 līmes un granulas | T9: Augsta | U9: Gatavs pārbaudei | W9: 277 | X9: Iekļaut
A10: WR-2026-0006 | B10: 46029 | C10: 46030 | D10: 11:43:13 | E10: Barona iela 119 | F10: Barona | G10: Thermowhite | H10: 224 | M10: 69 | Q10: Ronalds Gatavotājs TW Pumpists | S10: Barona 224m2 69 līmes 07.01.26 | T10: Augsta | U10: Gatavs pārbaudei | W10: 280 | X10: Iekļaut
A11: WR-2026-0007 | B11: 46029 | C11: 46029 | D11: 16:02:12 | E11: Dzirciema iela 16 | F11: Dzirciema iela 16 | G11: Estrich | H11: 240 | L11: 60 | Q11: Dāvis Estrich Limeni Jaunā Brigāde | S11: Dzirciema iela 16, Rīga 240m2 estrich + plēve 60 maisi cements 7.1.26 <This message was edited> | T11: Vidēja | U11: Pārbaudīt | V11: Ziņa ir rediģēta | W11: 279 | X11: Pārskatīt
A12: WR-2026-0008 | B12: 46030 | C12: 46030 | D12: 20:56:41 | E12: Kadaga | F12: Kadaga | G12: Thermowhite | H12: 360 | M12: 73 | Q12: Ronalds Gatavotājs TW Pumpists | S12: Kadaga 360 m2 73 līmes 08.01.26 | T12: Augsta | U12: Gatavs pārbaudei | W12: 281 | X12: Iekļaut
A13: WR-2026-0009 | B13: 46031 | C13: 46031 | D13: 20:04:00 | E13: Raiņa iela 2A, Iecava | F13: Iecava Raiņa iela | G13: Thermowhite | H13: 400 | M13: 134 | Q13: Ronalds Gatavotājs TW Pumpists | S13: Iecava Raiņa iela 400m2 134 līmēs 09.01.26. | T13: Augsta | U13: Gatavs pārbaudei | W13: 282 | X13: Iekļaut
A14: WR-2026-0010 | B14: 46034 | C14: 46034 | D14: 19:03:45 | E14: Barona iela 119 | F14: Barona iela | G14: Thermowhite | H14: 212 | M14: 70 | Q14: Ronalds Gatavotājs TW Pumpists | S14: Barona iela 212 m2 70 līmes 12.01.26 | T14: Augsta | U14: Gatavs pārbaudei | W14: 283 | X14: Iekļaut
A15: WR-2026-0011 | B15: 46035 | C15: 46035 | D15: 19:48:02 | E15: Barona iela 119 | F15: Barona iela | G15: Thermowhite | H15: 390 | M15: 109 | Q15: Ronalds Gatavotājs TW Pumpists | S15: Barona iela 390 m2 109 līmes 13.01.26 | T15: Augsta | U15: Gatavs pārbaudei | W15: 286 | X15: Iekļaut
A16: WR-2026-0012 | B16: 46035 | C16: 46035 | D16: 19:03:24 | E16: Raiņa iela 2A, Iecava | F16: Raiņa iela 2A, Iecava | G16: Estrich | H16: 206 | L16: 90 | N16: 4 | Q16: Dāvis Estrich Limeni Jaunā Brigāde | S16: Raiņa iela 2A, Iecava 206m2 estrich + plēve 4x ruļļi + cements 90 maisi 13.01.26 | T16: Augsta | U16: Gatavs pārbaudei | W16: 285 | X16: Iekļaut
A17: WR-2026-0013 | B17: 46036 | C17: 46036 | D17: 17:50:14 | E17: Bērzaunes iela 15 | F17: Bērzaunes iela | G17: Thermowhite | H17: 256 | M17: 40 | Q17: Ronalds Gatavotājs TW Pumpists | S17: Bērzaunes iela 256m2 40 līmes 14.01.26 | T17: Augsta | U17: Gatavs pārbaudei | W17: 290 | X17: Iekļaut
A18: WR-2026-0014 | B18: 46036 | C18: 46036 | D18: 17:52:15 | E18: VC4 | F18: Expons VC4 | G18: Jānosaka darba veids | H18: 120 | I18: 100 | J18: 100 | K18: 5st | Q18: Limeni! | S18: Expons VC4 5st. 120m2 100mm (16:15) | T18: Vidēja | U18: Pārbaudīt | V18: Darba veids nav skaidrs | W18: 291 | X18: Pārskatīt
A19: WR-2026-0015 | B19: 46037 | C19: 46037 | D19: 17:36:55 | E19: Barona iela 119 | F19: Barona iela 119 | G19: Estrich | H19: 100 | L19: 35 | Q19: Dāvis Estrich Limeni Jaunā Brigāde | S19: Barona iela 119 100m2 estrich 35maisi cements 15.01.26 | T19: Augsta | U19: Gatavs pārbaudei | W19: 294 | X19: Iekļaut
A20: WR-2026-0016 | B20: 46037 | C20: 46037 | D20: 16:23:08 | E20: Bērzaunes iela 15 | F20: Bērzaunes iela | G20: Thermowhite | H20: 117 | M20: 29 | Q20: Ronalds Gatavotājs TW Pumpists | S20: Bērzaunes iela 117 m2 29 līmes 15.01.26 | T20: Augsta | U20: Gatavs pārbaudei | W20: 293 | X20: Iekļaut
A21: WR-2026-0017 | B21: 46037 | C21: 46037 | D21: 14:01:15 | E21: VC4 | F21: VC4 | G21: Plēves ieklāšana | H21: 400 | K21: 6st | N21: 8 | Q21: Edijs Vinvalks | S21: VC4 - 6st. 400m2 plēve (8 ruļļi) | T21: Augsta | U21: Gatavs pārbaudei | W21: 292 | X21: Iekļaut
A22: WR-2026-0018 | B22: 46038 | C22: 46038 | D22: 20:00:17 | E22: Kadaga | F22: Kadaga | G22: Thermowhite | H22: 377 | M22: 97 | Q22: Ronalds Gatavotājs TW Pumpists | S22: Kadaga 377m2 97 līmes 16.01.26. | T22: Augsta | U22: Gatavs pārbaudei | W22: 295 | X22: Iekļaut
A23: WR-2026-0019 | B23: 46041 | C23: 46042 | D23: 07:21:25 | E23: Kadaga | F23: Kadaga | G23: Thermowhite | H23: 347 | M23: 87 | Q23: Ronalds Gatavotājs TW Pumpists | S23: Kadaga 347 m2 87 līmes 19.01.26 | T23: Augsta | U23: Gatavs pārbaudei | W23: 296 | X23: Iekļaut
A24: WR-2026-0020 | B24: 46042 | C24: 46043 | D24: 08:02:45 | E24: Kadaga | F24: Kadaga | G24: Thermowhite | H24: 274 | M24: 66 | Q24: Ronalds Gatavotājs TW Pumpists | S24: Kadaga 274 m2 66 līmes 20.01.26. | T24: Augsta | U24: Gatavs pārbaudei | W24: 298 | X24: Iekļaut
A25: WR-2026-0021 | B25: 46044 | C25: 46044 | D25: 18:26:30 | E25: Barona iela 119 | F25: Barona iela 119 | G25: Estrich | H25: 155 | L25: 65 | Q25: Dāvis Estrich Limeni Jaunā Brigāde | R25: 00000307-PHOTO-2026-01-22-18-26-30.jpg | S25: Barona iela 119 6.st. 155m2 estrich 65maisi cements 22.01.26 <attached: 00000307-PHOTO-2026-01-22-18-26-30.jpg> | T25: Augsta | U25: Gatavs pārbaudei | W25: 307 | X25: Iekļaut
A26: WR-2026-0022 | B26: 46044 | C26: 46044 | D26: 15:46:46 | E26: Bērzaunes iela 15 | F26: Bērzaunes 15 | G26: Estrich | H26: 90 | Q26: Artis Expon Briško | S26: Bērzaunes 15 Estrich 90m² | T26: Augsta | U26: Gatavs pārbaudei | W26: 306 | X26: Iekļaut
A27: WR-2026-0023 | B27: 46045 | C27: 46045 | D27: 20:44:14 | E27: Barona iela 119 | F27: Barona iela 119 | G27: Estrich | H27: 160 | L27: 70 | Q27: Dāvis Estrich Limeni Jaunā Brigāde | R27: 00000310-PHOTO-2026-01-23-20-44-14.jpg | S27: Barona iela 119 6.st. 160m2 estrich 70 maisi cements 23.01.26 <attached: 00000310-PHOTO-2026-01-23-20-44-14.jpg> | T27: Augsta | U27: Gatavs pārbaudei | W27: 310 | X27: Iekļaut
A28: WR-2026-0024 | B28: 46045 | C28: 46045 | D28: 20:44:15 | E28: Barona iela 119 | F28: Barona iela 119 | G28: Estrich | H28: 160 | L28: 70 | Q28: Dāvis Estrich Limeni Jaunā Brigāde | R28: 00000311-PHOTO-2026-01-23-20-44-15.jpg | S28: Barona iela 119 6.st. 160m2 estrich 70 maisi cements 23.01.26 <attached: 00000311-PHOTO-2026-01-23-20-44-15.jpg> | T28: Vidēja | U28: Pārbaudīt | V28: Iespējams dublikāts avota ziņai Nr. 310 | W28: 311 | X28: Pārskatīt
A29: WR-2026-0025 | B29: 46045 | C29: 46045 | D29: 16:04:47 | E29: Bērzaunes iela 15 | F29: Bērzaunes 15 | G29: Estrich | H29: 102 | Q29: Artis Expon Briško | S29: Bērzaunes 15 Estrich 102m² | T29: Augsta | U29: Gatavs pārbaudei | W29: 308 | X29: Iekļaut
A30: WR-2026-0026 | B30: 46045 | C30: 46045 | D30: 18:37:23 | E30: Raiņa iela 2A, Iecava | F30: Iecava Raiņa iela | G30: Thermowhite | M30: 170 | Q30: Ronalds Gatavotājs TW Pumpists | S30: Iecava Raiņa iela 400 170 līmes 23.01.26 | T30: Vidēja | U30: Pārbaudīt | V30: Nav norādīts m² apjoms | W30: 309 | X30: Pārskatīt
A31: WR-2026-0027 | B31: 46046 | C31: 46046 | D31: 21:25:36 | E31: Barona iela 119 | F31: Barona iela 119 | G31: Estrich | H31: 107 | L31: 51 | Q31: Granulas 8eur/gab. | R31: 00000312-PHOTO-2026-01-24-21-25-36.jpg | S31: Barona iela 119 5.st 107m2 Estrich 51maisi cements 24.01.2026 <attached: 00000312-PHOTO-2026-01-24-21-25-36.jpg> | T31: Augsta | U31: Gatavs pārbaudei | W31: 312 | X31: Iekļaut
A32: WR-2026-0028 | B32: 46048 | C32: 46048 | D32: 15:07:26 | E32: Bērzaunes iela 15 | F32: Bērzaunes 15 | G32: Estrich | H32: 113 | Q32: Artis Expon Briško | S32: Bērzaunes 15 Estrich 113m² | T32: Augsta | U32: Gatavs pārbaudei | W32: 313 | X32: Iekļaut
A33: WR-2026-0029 | B33: 46048 | C33: 46048 | D33: 21:09:34 | E33: Kadaga | F33: Kadaga | G33: Thermowhite | H33: 279 | M33: 49 | Q33: Ronalds Gatavotājs TW Pumpists | S33: Kadaga 279 m2 49 līmes 26.01.26 | T33: Augsta | U33: Gatavs pārbaudei | W33: 314 | X33: Iekļaut
A34: WR-2026-0030 | B34: 46050 | C34: 46050 | D34: 20:03:29 | E34: Bērzaunes iela 15 | F34: Berzaunes 15 Estrich 70m² | G34: Estrich | H34: 70 | Q34: Artis Expon Briško | S34: 27.01. Berzaunes 15 Estrich 70m² 28.01. Dārza 10b Estrich 70m² | T34: Augsta | U34: Gatavs pārbaudei | W34: 317 | X34: Iekļaut
A35: WR-2026-0031 | B35: 46050 | C35: 46050 | D35: 20:03:29 | E35: Bērzaunes iela 15 | F35: Berzaunes 15 Estrich 70m² | G35: Estrich | H35: 70 | Q35: Artis Expon Briško | S35: 27.01. Berzaunes 15 Estrich 70m² 28.01. Dārza 10b Estrich 70m² | T35: Augsta | U35: Gatavs pārbaudei | W35: 317 | X35: Iekļaut
A36: WR-2026-0032 | B36: 46050 | C36: 46050 | D36: 19:46:31 | E36: Jūrmalas gatve 51 | F36: Jūrmalas gatve 51 | G36: Thermowhite | M36: 28 | Q36: Ronalds Gatavotājs TW Pumpists | S36: Jūrmalas gatve 51 28 līmes 28.01.26 | T36: Vidēja | U36: Pārbaudīt | V36: Nav norādīts m² apjoms | W36: 316 | X36: Pārskatīt
A37: WR-2026-0033 | B37: 46050 | C37: 46050 | D37: 14:53:13 | E37: Raiņa iela 2A, Iecava | F37: Iecava, Raiņa iela 2A | G37: Estrich | H37: 290 | L37: 85 | Q37: Dāvis Estrich Limeni Jaunā Brigāde | S37: Iecava, Raiņa iela 2A 290m2 estrich + plēve 85maisi cements 27.01. - 28.01. | T37: Augsta | U37: Gatavs pārbaudei | W37: 315 | X37: Iekļaut
A38: WR-2026-0034 | B38: 46051 | C38: 46051 | D38: 20:35:45 | E38: Kadaga | F38: Kadaga | G38: Thermowhite | H38: 331 | M38: 77 | Q38: Ronalds Gatavotājs TW Pumpists | S38: Kadaga 331 m2 77 līmes 29.01.26 | T38: Augsta | U38: Gatavs pārbaudei | W38: 319 | X38: Iekļaut
A39: WR-2026-0035 | B39: 46051 | C39: 46051 | D39: 13:52:48 | E39: Raiņa iela 2A, Iecava | F39: Iecava, Raiņa iela 2A | G39: Estrich | H39: 110 | L39: 30 | Q39: Dāvis Estrich Limeni Jaunā Brigāde | S39: Iecava, Raiņa iela 2A 110m2 estrich + plēve 30 maisi cements 29.01 | T39: Augsta | U39: Gatavs pārbaudei | W39: 318 | X39: Iekļaut
A40: WR-2026-0036 | B40: 46052 | C40: 46052 | D40: 17:44:25 | E40: Kadaga | F40: Kadaga | G40: Thermowhite | H40: 264 | M40: 68 | Q40: Ronalds Gatavotājs TW Pumpists | S40: Kadaga 264 m2 68 līmes. 30.01.26 Objekts pabeigts. | T40: Augsta | U40: Gatavs pārbaudei | W40: 320 | X40: Iekļaut
A41: WR-2026-0037 | B41: 46053 | C41: 46053 | D41: 18:31:34 | E41: Barona iela 119 | F41: Barona iela | G41: Thermowhite | H41: 305 | M41: 94 | Q41: Ronalds Gatavotājs TW Pumpists | S41: Barona iela 305 m2 94 līmes 31.01.26. | T41: Augsta | U41: Gatavs pārbaudei | W41: 321 | X41: Iekļaut
A42: WR-2026-0038 | B42: 46055 | C42: 46056 | D42: 07:54:51 | E42: Barona iela 119 | F42: Barona iela | G42: Jānosaka darba veids | H42: 203 | M42: 71 | Q42: Ronalds Gatavotājs TW Pumpists | S42: Barona iela 203 m2 71 līme 02.02.26. | T42: Vidēja | U42: Pārbaudīt | V42: Darba veids nav skaidrs | W42: 323 | X42: Pārskatīt
A43: WR-2026-0039 | B43: 46056 | C43: 46056 | D43: 18:31:19 | E43: Barona iela 119 | F43: Barona iela | G43: Thermowhite | H43: 343 | M43: 76 | Q43: Ronalds Gatavotājs TW Pumpists | R43: 00000325-PHOTO-2026-02-03-18-35-59.jpg; 00000326-PHOTO-2026-02-03-18-36-00.jpg | S43: Barona iela 343 m2 76 līmes 03.02.26 | T43: Vidēja | U43: Pārbaudīt | V43: Multivide piesaistīta pēc laika tuvuma; Multivide piesaistīta pēc laika tuvuma | W43: 324 | X43: Pārskatīt
A44: WR-2026-0040 | B44: 46056 | C44: 46085 | D44: 20:48:11 | E44: Dārciema iela | F44: Dārciema iela | G44: Thermowhite | H44: 90 | M44: 17 | Q44: Ronalds Gatavotājs TW Pumpists | S44: Dārciema iela 17 līmes 90 m2 03.02.26 | T44: Vidēja | U44: Pārbaudīt | V44: Ziņas un norādītais datums atšķiras par 29 dienām | W44: 474 | X44: Pārskatīt
A45: WR-2026-0041 | B45: 46056 | C45: 46056 | D45: 18:37:11 | E45: Dārzciema iela 16 | F45: Dārzciema iela 16 | G45: Thermowhite | H45: 213 | M45: 120 | Q45: Dāvis Estrich Limeni Jaunā Brigāde | S45: Dārzciema iela 16 213m2 Thermo / 11cm slānis 120maisi līme 03.02.26 | T45: Augsta | U45: Gatavs pārbaudei | W45: 327 | X45: Iekļaut
A46: WR-2026-0042 | B46: 46057 | C46: 46057 | D46: 21:36:32 | E46: Dārzciema iela 86 | F46: Dārzciema iela 86 | G46: Thermowhite | H46: 249 | M46: 85 | Q46: Dāvis Estrich Limeni Jaunā Brigāde | R46: 00000329-PHOTO-2026-02-04-21-36-32.jpg; 00000330-PHOTO-2026-02-04-21-36-32.jpg; 00000331-PHOTO-2026-02-04-21-36-33.jpg | S46: 4. Un 3. Stāvs Dārzciema iela 86 249m2 Thermo 85maisi līme 04.02.26 <attached: 00000329-PHOTO-2026-02-04-21-36-32.jpg> | T46: Vidēja | U46: Pārbaudīt | V46: Multivide piesaistīta pēc laika tuvuma; Multivide piesaistīta pēc laika tuvuma | W46: 329 | X46: Pārskatīt
A47: WR-2026-0043 | B47: 46057 | C47: 46057 | D47: 21:36:33 | E47: Dārzciema iela 86 | F47: Dārzciema iela 86 | G47: Thermowhite | H47: 249 | M47: 85 | Q47: Dāvis Estrich Limeni Jaunā Brigāde | R47: 00000332-PHOTO-2026-02-04-21-36-33.jpg | S47: 4. Un 3. Stāvs Dārzciema iela 86 249m2 Thermo 85maisi līme 04.02.26 <attached: 00000332-PHOTO-2026-02-04-21-36-33.jpg> | T47: Vidēja | U47: Pārbaudīt | V47: Iespējams dublikāts avota ziņai Nr. 329 | W47: 332 | X47: Pārskatīt
A48: WR-2026-0044 | B48: 46057 | C48: 46057 | D48: 22:40:21 | E48: Raiņa iela 2A, Iecava | F48: Iecava Raiņa iela | G48: Thermowhite | H48: 495 | M48: 177 | Q48: Ronalds Gatavotājs TW Pumpists | S48: Iecava Raiņa iela 495 m2 177 līmes 04.02.26. | T48: Augsta | U48: Gatavs pārbaudei | W48: 333 | X48: Iekļaut
A49: WR-2026-0045 | B49: 46058 | C49: 46059 | D49: 07:50:09 | E49: Barona iela 119 | F49: Barona iela 119 | G49: Estrich | H49: 72 | L49: 4 | Q49: Granulas 8eur/gab. | R49: 00000335-PHOTO-2026-02-06-07-50-09.jpg | S49: Barona iela 119 Pagrabs 72m2 Cements34 05.02.2026 <attached: 00000335-PHOTO-2026-02-06-07-50-09.jpg> | T49: Augsta | U49: Gatavs pārbaudei | W49: 335 | X49: Iekļaut
A50: WR-2026-0046 | B50: 46058 | C50: 46058 | D50: 18:32:53 | E50: Dārzciema ielā | F50: Dārzciema ielā | G50: Jānosaka darba veids | H50: 59 | M50: 33 | Q50: Ronalds Gatavotājs TW Pumpists | S50: Dārzciema ielā 33 līm 59m2 + Aizpūtām bedres | T50: Vidēja | U50: Pārbaudīt | V50: Darba veids nav skaidrs | W50: 334 | X50: Pārskatīt
A51: WR-2026-0047 | B51: 46059 | C51: 46059 | D51: 16:32:55 | E51: Barona iela 119 | F51: Barona iela119 | G51: Estrich | H51: 80 | L51: 5 | Q51: Granulas 8eur/gab. | R51: 00000337-PHOTO-2026-02-06-16-32-55.jpg | S51: Barona iela119 Pagrabs 80m2 Cements35 06.02.2026 <attached: 00000337-PHOTO-2026-02-06-16-32-55.jpg> | T51: Augsta | U51: Gatavs pārbaudei | W51: 337 | X51: Iekļaut
A52: WR-2026-0048 | B52: 46059 | C52: 46059 | D52: 18:01:37 | E52: Barona iela 119 | F52: Barona iela 119 | G52: Estrich | H52: 217 | L52: 105 | Q52: Dāvis Estrich Limeni Jaunā Brigāde | S52: Barona iela 119 217m2 estrich 6.stavs 105maisi cements 06.02.26 | T52: Augsta | U52: Gatavs pārbaudei | W52: 338 | X52: Iekļaut
A53: WR-2026-0049 | B53: 46059 | C53: 46059 | D53: 18:46:48 | E53: Dārciema iela | F53: Dārciema iela | G53: Thermowhite | H53: 411 | Q53: Ronalds Gatavotājs TW Pumpists | S53: Dārciema iela 411 m2 110 limes 06.02.26. | T53: Augsta | U53: Gatavs pārbaudei | W53: 339 | X53: Iekļaut
A54: WR-2026-0050 | B54: 46059 | C54: 46059 | D54: 15:20:25 | E54: Krustabaznīcas iela | F54: Krustabaznīcas 11 TW 190m² | G54: Thermowhite | H54: 190 | Q54: Artis Expon Briško | S54: 5.02 Krustabaznīcas 11 TW 190m² 6.02 Krustabaznīcas 11 TW 170m² | T54: Augsta | U54: Gatavs pārbaudei | W54: 336 | X54: Iekļaut
A55: WR-2026-0051 | B55: 46059 | C55: 46059 | D55: 15:20:25 | E55: Krustabaznīcas iela | F55: Krustabaznīcas 11 TW 190m² | G55: Thermowhite | H55: 170 | Q55: Artis Expon Briško | S55: 5.02 Krustabaznīcas 11 TW 190m² 6.02 Krustabaznīcas 11 TW 170m² | T55: Augsta | U55: Gatavs pārbaudei | W55: 336 | X55: Iekļaut
A56: WR-2026-0052 | B56: 46060 | C56: 46060 | D56: 20:01:27 | E56: Barona iela 119 | F56: Barona iela 119 | G56: Estrich | H56: 150 | L56: 75 | Q56: Dāvis Estrich Limeni Jaunā Brigāde | R56: 00000340-PHOTO-2026-02-07-20-01-27.jpg | S56: Barona iela 119 150m2 estrich + plēve 6.stāvs 10 cm slānis 75maisi cements 07.02.26 <attached: 00000340-PHOTO-2026-02-07-20-01-27.jpg> | T56: Augsta | U56: Gatavs pārbaudei | W56: 340 | X56: Iekļaut
A57: WR-2026-0053 | B57: 46060 | C57: 46060 | D57: 21:45:26 | E57: Barona iela 119 | F57: Barona iela 119 | G57: Estrich | H57: 195 | L57: 78 | Q57: Granulas 8eur/gab. | R57: 00000342-PHOTO-2026-02-07-21-45-26.jpg; 00000343-PHOTO-2026-02-07-21-45-26.jpg | S57: Barona iela 119 Pagrabs 195m2 Cements 78 07.02.2026 <attached: 00000342-PHOTO-2026-02-07-21-45-26.jpg> | T57: Vidēja | U57: Pārbaudīt | V57: Multivide piesaistīta pēc laika tuvuma | W57: 342 | X57: Pārskatīt
A58: WR-2026-0054 | B58: 46061 | C58: 46061 | D58: 19:43:58 | E58: Barona iela 119 | F58: Barona iela 119 | G58: Putuplasta ieklāšana + Estrich | H58: 105 | L58: 2 | P58: Estrich 105m2 + putuplastu likšana 30m2 2 kārtās | Q58: Granulas 8eur/gab. | R58: 00000344-PHOTO-2026-02-08-19-43-58.jpg | S58: Barona iela 119 Pagrabs Estrich 105m2 + putuplastu likšana 30m2 2 kārtās Cements42 08.02.2026 <attached: 00000344-PHOTO-2026-02-08-19-43-58.jpg> | T58: Augsta | U58: Gatavs pārbaudei | W58: 344 | X58: Iekļaut
A59: WR-2026-0055 | B59: 46061 | C59: 46061 | D59: 19:43:58 | E59: Barona iela 119 | F59: Barona iela 119 | G59: Putuplasta ieklāšana + Estrich | H59: 30 | L59: 2 | P59: Estrich 105m2 + putuplastu likšana 30m2 2 kārtās | Q59: Granulas 8eur/gab. | R59: 00000344-PHOTO-2026-02-08-19-43-58.jpg | S59: Barona iela 119 Pagrabs Estrich 105m2 + putuplastu likšana 30m2 2 kārtās Cements42 08.02.2026 <attached: 00000344-PHOTO-2026-02-08-19-43-58.jpg> | T59: Augsta | U59: Gatavs pārbaudei | W59: 344 | X59: Iekļaut
A60: WR-2026-0056 | B60: 46062 | C60: 46062 | D60: 18:54:15 | E60: Dārzciema iela 86 | F60: Dārzciema ielā 86 | G60: Thermowhite | H60: 345 | M60: 56 | Q60: Ronalds Gatavotājs TW Pumpists | S60: Dārzciema ielā 86 345 m2 56 līmes 09.02.26 | T60: Augsta | U60: Gatavs pārbaudei | W60: 345 | X60: Iekļaut
A61: WR-2026-0057 | B61: 46063 | C61: 46063 | D61: 21:10:36 | E61: Dārzciema iela | F61: Dārzciema iela | G61: Jānosaka darba veids | H61: 384 | M61: 71 | Q61: Ronalds Gatavotājs TW Pumpists | S61: Dārzciema iela 384 m2 71 līme 10.02.26 | T61: Vidēja | U61: Pārbaudīt | V61: Darba veids nav skaidrs | W61: 348 | X61: Pārskatīt
A62: WR-2026-0058 | B62: 46063 | C62: 46063 | D62: 20:09:39 | E62: Dārzciema iela 86 | F62: Dārzciema iela 86 | G62: Estrich | H62: 172 | L62: 40 | Q62: Dāvis Estrich Limeni Jaunā Brigāde | R62: 00000346-PHOTO-2026-02-10-20-09-39.jpg | S62: Dārzciema iela 86 172m2 estrich 40maisi cements 10.02.26 <attached: 00000346-PHOTO-2026-02-10-20-09-39.jpg> | T62: Augsta | U62: Gatavs pārbaudei | W62: 346 | X62: Iekļaut
A63: WR-2026-0059 | B63: 46063 | C63: 46063 | D63: 20:09:40 | E63: Dārzciema iela 86 | F63: Dārzciema iela 86 | G63: Estrich | H63: 172 | L63: 40 | Q63: Dāvis Estrich Limeni Jaunā Brigāde | R63: 00000347-PHOTO-2026-02-10-20-09-40.jpg | S63: Dārzciema iela 86 172m2 estrich 40maisi cements 10.02.26 <attached: 00000347-PHOTO-2026-02-10-20-09-40.jpg> | T63: Vidēja | U63: Pārbaudīt | V63: Iespējams dublikāts avota ziņai Nr. 346 | W63: 347 | X63: Pārskatīt
A64: WR-2026-0060 | B64: 46063 | C64: 46063 | D64: 22:23:56 | E64: Pasta iela 63 Jelgava | F64: Pasta iela 63 Jelgava | G64: Jānosaka darba veids | H64: 175 | Q64: Granulas 8eur/gab. | S64: Pasta iela 63 Jelgava 175m2 Līme 135 10.02.26 | T64: Vidēja | U64: Pārbaudīt | V64: Darba veids nav skaidrs | W64: 349 | X64: Pārskatīt
A65: WR-2026-0061 | B65: 46064 | C65: 46064 | D65: 21:48:14 | E65: Barona iela 119 | F65: Barona iela 119 | G65: Estrich | H65: 110 | L65: 57 | Q65: Granulas 8eur/gab. | R65: 00000352-PHOTO-2026-02-11-21-48-14.jpg | S65: Barona iela 119 6.Stāvs Estrich 110m2 Cements 57 10cm slānis 11.02.2026 <attached: 00000352-PHOTO-2026-02-11-21-48-14.jpg> | T65: Augsta | U65: Gatavs pārbaudei | W65: 352 | X65: Iekļaut
A66: WR-2026-0062 | B66: 46064 | C66: 46064 | D66: 22:04:58 | E66: Dārzciema iela | F66: Dārzciema iela | G66: Jānosaka darba veids | H66: 345 | M66: 61 | Q66: Ronalds Gatavotājs TW Pumpists | S66: Dārzciema iela 345 m2 61 līmē 11.02.26 | T66: Vidēja | U66: Pārbaudīt | V66: Darba veids nav skaidrs | W66: 353 | X66: Pārskatīt
A67: WR-2026-0063 | B67: 46064 | C67: 46064 | D67: 18:42:05 | E67: Dārzciema iela 86 | F67: Dārzciema iela 86 | G67: Estrich | H67: 232 | L67: 55 | Q67: Dāvis Estrich Limeni Jaunā Brigāde | R67: 00000350-PHOTO-2026-02-11-18-42-05.jpg | S67: Dārzciema iela 86 232m2 estrich 55maisi cements 11.02.26 <attached: 00000350-PHOTO-2026-02-11-18-42-05.jpg> | T67: Augsta | U67: Gatavs pārbaudei | W67: 350 | X67: Iekļaut
A68: WR-2026-0064 | B68: 46064 | C68: 46064 | D68: 18:42:06 | E68: Dārzciema iela 86 | F68: Dārzciema iela 86 | G68: Estrich | H68: 232 | L68: 55 | Q68: Dāvis Estrich Limeni Jaunā Brigāde | R68: 00000351-PHOTO-2026-02-11-18-42-06.jpg | S68: Dārzciema iela 86 232m2 estrich 55maisi cements 11.02.26 <attached: 00000351-PHOTO-2026-02-11-18-42-06.jpg> | T68: Vidēja | U68: Pārbaudīt | V68: Iespējams dublikāts avota ziņai Nr. 350 | W68: 351 | X68: Pārskatīt
A69: WR-2026-0065 | B69: 46065 | C69: 46065 | D69: 18:20:22 | E69: Barona iela 119 | F69: Barona iela 119 | G69: Estrich | H69: 60 | L69: 31 | Q69: Granulas 8eur/gab. | R69: 00000358-PHOTO-2026-02-12-18-20-22.jpg | S69: Barona iela 119 6.stāvs, pabeidzām! 60m2 10cm slānis Cements 31maiss 12.02.2026 <attached: 00000358-PHOTO-2026-02-12-18-20-22.jpg> | T69: Augsta | U69: Gatavs pārbaudei | W69: 358 | X69: Iekļaut
A70: WR-2026-0066 | B70: 46065 | C70: 46065 | D70: 18:51:00 | E70: Barona iela 119 | F70: Barona iela | G70: Thermowhite | H70: 215 | K70: 2 st | M70: 60 | Q70: Ronalds Gatavotājs TW Pumpists | R70: 00000363-PHOTO-2026-02-12-18-51-45.jpg | S70: Barona iela 215 m2 60 līmes 2 stāvs 12.02.26 | T70: Vidēja | U70: Pārbaudīt | V70: Multivide piesaistīta pēc laika tuvuma | W70: 362 | X70: Pārskatīt
A71: WR-2026-0067 | B71: 46065 | C71: 46065 | D71: 19:32:07 | E71: Dārzciema iela 86 | F71: Dārzciema iela 86 | G71: Estrich | H71: 135 | L71: 40 | Q71: Dāvis Estrich Limeni Jaunā Brigāde | R71: 00000365-PHOTO-2026-02-12-19-32-07.jpg | S71: Dārzciema iela 86 135m2 estrich 40maisi cements 2.stāvs <attached: 00000365-PHOTO-2026-02-12-19-32-07.jpg> | T71: Augsta | U71: Gatavs pārbaudei | W71: 365 | X71: Iekļaut
A72: WR-2026-0068 | B72: 46065 | C72: 46065 | D72: 19:32:08 | E72: Dārzciema iela 86 | F72: Dārzciema iela 86 | G72: Estrich | H72: 135 | L72: 40 | Q72: Dāvis Estrich Limeni Jaunā Brigāde | R72: 00000366-PHOTO-2026-02-12-19-32-08.jpg | S72: Dārzciema iela 86 135m2 estrich 40maisi cements 2.stāvs <attached: 00000366-PHOTO-2026-02-12-19-32-08.jpg> | T72: Vidēja | U72: Pārbaudīt | V72: Iespējams dublikāts avota ziņai Nr. 365 | W72: 366 | X72: Pārskatīt
A73: WR-2026-0069 | B73: 46065 | C73: 46065 | D73: 18:35:59 | E73: Expon | F73: Expon | G73: Jānosaka darba veids | H73: 427 | K73: 4 st | Q73: Kristers Cebulis | R73: 00000359-PHOTO-2026-02-12-18-35-59.jpg | S73: Expon 4 stāvs Dārzciema iela 86 (11.02.26 2 brigādes) (12.02.26 1 brigāde ) 427m2 <attached: 00000359-PHOTO-2026-02-12-18-35-59.jpg> | T73: Vidēja | U73: Pārbaudīt | V73: Darba veids nav skaidrs | W73: 359 | X73: Pārskatīt
A74: WR-2026-0070 | B74: 46065 | C74: 46065 | D74: 18:38:10 | E74: Jānosaka projekts | G74: Jānosaka darba veids | H74: 427 | Q74: Kristers Cebulis | S74: 427m2 | T74: Zema | U74: Pārbaudīt | V74: Projektu nevar droši noteikt; Darba veids nav skaidrs | W74: 361 | X74: Pārskatīt
A75: WR-2026-0071 | B75: 46066 | C75: 46066 | D75: 21:26:11 | E75: Barona iela 119 | F75: Barona iela | G75: Jānosaka darba veids | H75: 264 | M75: 61 | Q75: Ronalds Gatavotājs TW Pumpists | R75: 00000372-PHOTO-2026-02-13-21-26-18.jpg | S75: Barona iela 264 m2 61 līme 13.02.26 | T75: Vidēja | U75: Pārbaudīt | V75: Darba veids nav skaidrs; Multivide piesaistīta pēc laika tuvuma | W75: 371 | X75: Pārskatīt
A76: WR-2026-0072 | B76: 46066 | C76: 46066 | D76: 17:37:54 | E76: Dārzciema iela 86 | F76: Dārzciema iela 86 | G76: Estrich | H76: 235 | L76: 60 | Q76: Dāvis Estrich Limeni Jaunā Brigāde | R76: 00000368-PHOTO-2026-02-13-17-37-54.jpg | S76: Dārzciema iela 86 235m2 estrich 60maisi cements 3.stāvs 13.02.26 <attached: 00000368-PHOTO-2026-02-13-17-37-54.jpg> | T76: Augsta | U76: Gatavs pārbaudei | W76: 368 | X76: Iekļaut
A77: WR-2026-0073 | B77: 46066 | C77: 46072 | D77: 09:39:45 | E77: Jūrmalas gatve 51 | F77: Jūrmalas gatve 51 | G77: Estrich | H77: 55 | L77: 19 | Q77: Granulas 8eur/gab. | S77: Jūrmalas gatve 51, Rīga Estrich 55m2 Cements 19maisi 13.02.2026 | T77: Augsta | U77: Gatavs pārbaudei | W77: 387 | X77: Iekļaut
A78: WR-2026-0074 | B78: 46066 | C78: 46066 | D78: 07:16:32 | E78: Krustabaznīcas iela | F78: Krustabaznīcas 11 | G78: Jānosaka darba veids | H78: 78 | Q78: Artis Expon Briško | R78: 00000367-PHOTO-2026-02-13-07-16-32.jpg | S78: 12.02 Krustabaznīcas 11 78m² 10cm slānis <attached: 00000367-PHOTO-2026-02-13-07-16-32.jpg> | T78: Vidēja | U78: Pārbaudīt | V78: Darba veids nav skaidrs | W78: 367 | X78: Pārskatīt
A79: WR-2026-0075 | B79: 46066 | C79: 46066 | D79: 17:47:47 | E79: Krustabaznīcas iela | F79: Krustabaznīcas 11 | G79: Estrich | H79: 100 | Q79: Artis Expon Briško | R79: 00000369-PHOTO-2026-02-13-17-47-47.jpg | S79: Krustabaznīcas 11 Estrich 100m² <attached: 00000369-PHOTO-2026-02-13-17-47-47.jpg> | T79: Augsta | U79: Gatavs pārbaudei | W79: 369 | X79: Iekļaut
A80: WR-2026-0076 | B80: 46066 | C80: 46066 | D80: 20:36:31 | E80: Raiņa iela 2A, Iecava | F80: Raiņa iela 2, Iecava | G80: Estrich | H80: 168 | L80: 49 | Q80: Granulas 8eur/gab. | R80: 00000370-PHOTO-2026-02-13-20-36-31.jpg | S80: Raiņa iela 2, Iecava 168m2 Estrich +Plēve 49 maisi cements 13.02.2026 <attached: 00000370-PHOTO-2026-02-13-20-36-31.jpg> | T80: Augsta | U80: Gatavs pārbaudei | W80: 370 | X80: Iekļaut
A81: WR-2026-0077 | B81: 46067 | C81: 46068 | D81: 19:45:41 | E81: Lietuva | F81: Lietuva | G81: Thermowhite | M81: 49 | Q81: Ronalds Gatavotājs TW Pumpists | S81: 14.02.26 Lietuva 49 līmes | T81: Vidēja | U81: Pārbaudīt | V81: Nav norādīts m² apjoms | W81: 375 | X81: Pārskatīt
A82: WR-2026-0078 | B82: 46067 | C82: 46067 | D82: 18:36:33 | E82: Raiņa iela 2A, Iecava | F82: Raiņa iela 2, Iecava | G82: Estrich + Thermowhite | H82: 168 | L82: 50 | Q82: Granulas 8eur/gab. | R82: 00000373-PHOTO-2026-02-14-18-36-33.jpg | S82: Raiņa iela 2, Iecava 168m2 Estrich+ Plēve+ TW 15m2 50 cementa maisi 14.02.2026 <attached: 00000373-PHOTO-2026-02-14-18-36-33.jpg> | T82: Augsta | U82: Gatavs pārbaudei | W82: 373 | X82: Iekļaut
A83: WR-2026-0079 | B83: 46067 | C83: 46067 | D83: 18:36:33 | E83: Raiņa iela 2A, Iecava | F83: Raiņa iela 2, Iecava | G83: Estrich + Thermowhite | H83: 15 | L83: 50 | Q83: Granulas 8eur/gab. | R83: 00000373-PHOTO-2026-02-14-18-36-33.jpg | S83: Raiņa iela 2, Iecava 168m2 Estrich+ Plēve+ TW 15m2 50 cementa maisi 14.02.2026 <attached: 00000373-PHOTO-2026-02-14-18-36-33.jpg> | T83: Augsta | U83: Gatavs pārbaudei | W83: 373 | X83: Iekļaut
A84: WR-2026-0080 | B84: 46068 | C84: 46068 | D84: 17:13:33 | E84: Raiņa iela 2A, Iecava | F84: Raiņa iela 2, Iecava | G84: Estrich | H84: 168 | L84: 49 | Q84: Granulas 8eur/gab. | R84: 00000374-PHOTO-2026-02-15-17-13-33.jpg | S84: Raiņa iela 2, Iecava 168m2 Estrich + Plēve 49 cementa maisi 15.02.2026 <attached: 00000374-PHOTO-2026-02-15-17-13-33.jpg> | T84: Augsta | U84: Gatavs pārbaudei | W84: 374 | X84: Iekļaut
A85: WR-2026-0081 | B85: 46069 | C85: 46069 | D85: 19:24:49 | E85: Dārzciema iela 86 | F85: Dārzciema iela 86 | G85: Estrich | H85: 207 | L85: 65 | Q85: Dāvis Estrich Limeni Jaunā Brigāde | R85: 00000376-PHOTO-2026-02-16-19-24-49.jpg | S85: Dārzciema iela 86 207m2 estrich 65maisi cements 2.stāvs 16.02.26 <attached: 00000376-PHOTO-2026-02-16-19-24-49.jpg> | T85: Augsta | U85: Gatavs pārbaudei | W85: 376 | X85: Iekļaut
A86: WR-2026-0082 | B86: 46069 | C86: 46069 | D86: 19:24:51 | E86: Dārzciema iela 86 | F86: Dārzciema iela 86 | G86: Estrich | H86: 207 | L86: 65 | Q86: Dāvis Estrich Limeni Jaunā Brigāde | R86: 00000377-PHOTO-2026-02-16-19-24-51.jpg | S86: Dārzciema iela 86 207m2 estrich 65maisi cements 2.stāvs 16.02.26 <attached: 00000377-PHOTO-2026-02-16-19-24-51.jpg> | T86: Vidēja | U86: Pārbaudīt | V86: Iespējams dublikāts avota ziņai Nr. 376 | W86: 377 | X86: Pārskatīt
A87: WR-2026-0083 | B87: 46069 | C87: 46070 | D87: 11:37:44 | E87: Jelgava, pasta iela 63 | F87: Jelgava, pasta iela 63 | G87: Thermowhite | H87: 175 | M87: 107 | Q87: Granulas 8eur/gab. | S87: Jelgava, pasta iela 63 2.stāvs TW 175m2 107līme 16.02.2026 | T87: Augsta | U87: Gatavs pārbaudei | W87: 378 | X87: Iekļaut
A88: WR-2026-0084 | B88: 46070 | C88: 46071 | D88: 21:15:55 | E88: Jelgava, pasta iela 63 | F88: Jelgava, pasta iela 63 | G88: Estrich | H88: 175 | L88: 87 | Q88: Granulas 8eur/gab. | S88: Jelgava, pasta iela 63 3.stāvs Estrich 175m2 Cements 87maisi 17.02.2026 | T88: Augsta | U88: Gatavs pārbaudei | W88: 382 | X88: Iekļaut
A89: WR-2026-0085 | B89: 46071 | C89: 46071 | D89: 21:16:04 | E89: Dārzciema iela 86 | F89: Dārzciema iela 86 | G89: Estrich | H89: 89 | L89: 60 | Q89: Dāvis Estrich Limeni Jaunā Brigāde | R89: 00000383-PHOTO-2026-02-18-21-16-04.jpg | S89: Dārzciema iela 86 89m2 estrich 2.stāvs 155m2 estrich 3.stāvs 60maisi cements 18.02.26 <attached: 00000383-PHOTO-2026-02-18-21-16-04.jpg> | T89: Augsta | U89: Gatavs pārbaudei | W89: 383 | X89: Iekļaut
A90: WR-2026-0086 | B90: 46071 | C90: 46071 | D90: 21:16:04 | E90: Dārzciema iela 86 | F90: Dārzciema iela 86 | G90: Estrich | H90: 155 | L90: 60 | Q90: Dāvis Estrich Limeni Jaunā Brigāde | R90: 00000383-PHOTO-2026-02-18-21-16-04.jpg | S90: Dārzciema iela 86 89m2 estrich 2.stāvs 155m2 estrich 3.stāvs 60maisi cements 18.02.26 <attached: 00000383-PHOTO-2026-02-18-21-16-04.jpg> | T90: Augsta | U90: Gatavs pārbaudei | W90: 383 | X90: Iekļaut
A91: WR-2026-0087 | B91: 46071 | C91: 46071 | D91: 21:16:06 | E91: Dārzciema iela 86 | F91: Dārzciema iela 86 | G91: Estrich | H91: 89 | L91: 60 | Q91: Dāvis Estrich Limeni Jaunā Brigāde | R91: 00000384-PHOTO-2026-02-18-21-16-06.jpg | S91: Dārzciema iela 86 89m2 estrich 2.stāvs 155m2 estrich 3.stāvs 60maisi cements 18.02.26 <attached: 00000384-PHOTO-2026-02-18-21-16-06.jpg> | T91: Vidēja | U91: Pārbaudīt | V91: Iespējams dublikāts avota ziņai Nr. 383 | W91: 384 | X91: Pārskatīt
A92: WR-2026-0088 | B92: 46071 | C92: 46071 | D92: 21:16:06 | E92: Dārzciema iela 86 | F92: Dārzciema iela 86 | G92: Estrich | H92: 155 | L92: 60 | Q92: Dāvis Estrich Limeni Jaunā Brigāde | R92: 00000384-PHOTO-2026-02-18-21-16-06.jpg | S92: Dārzciema iela 86 89m2 estrich 2.stāvs 155m2 estrich 3.stāvs 60maisi cements 18.02.26 <attached: 00000384-PHOTO-2026-02-18-21-16-06.jpg> | T92: Vidēja | U92: Pārbaudīt | V92: Iespējams dublikāts avota ziņai Nr. 383 | W92: 384 | X92: Pārskatīt
A93: WR-2026-0089 | B93: 46071 | C93: 46071 | D93: 21:02:50 | E93: Jānosaka projekts | G93: Thermowhite | H93: 330 | M93: 312 | Q93: Ronalds Gatavotājs TW Pumpists | S93: 16.02 83 līmes 330m2 17.02 179 līmes 200 m2 18.02. 50 līmes 200 m2 | T93: Zema | U93: Pārbaudīt | V93: Projektu nevar droši noteikt | W93: 379 | X93: Pārskatīt
A94: WR-2026-0090 | B94: 46071 | C94: 46071 | D94: 21:02:50 | E94: Jānosaka projekts | G94: Thermowhite | H94: 200 | M94: 312 | Q94: Ronalds Gatavotājs TW Pumpists | S94: 16.02 83 līmes 330m2 17.02 179 līmes 200 m2 18.02. 50 līmes 200 m2 | T94: Zema | U94: Pārbaudīt | V94: Projektu nevar droši noteikt | W94: 379 | X94: Pārskatīt
A95: WR-2026-0091 | B95: 46071 | C95: 46071 | D95: 21:02:50 | E95: Jānosaka projekts | G95: Thermowhite | H95: 200 | M95: 312 | Q95: Ronalds Gatavotājs TW Pumpists | S95: 16.02 83 līmes 330m2 17.02 179 līmes 200 m2 18.02. 50 līmes 200 m2 | T95: Zema | U95: Pārbaudīt | V95: Projektu nevar droši noteikt | W95: 379 | X95: Pārskatīt
A96: WR-2026-0092 | B96: 46071 | C96: 46072 | D96: 07:41:52 | E96: Krustabaznīcas iela | F96: Krustabaznīcas 11 | G96: Estrich | H96: 80 | Q96: Artis Expon Briško | R96: 00000386-PHOTO-2026-02-19-07-41-52.jpg | S96: Krustabaznīcas 11 Estrich 80m² 18.02. <attached: 00000386-PHOTO-2026-02-19-07-41-52.jpg> | T96: Augsta | U96: Gatavs pārbaudei | W96: 386 | X96: Iekļaut
A97: WR-2026-0093 | B97: 46071 | C97: 46071 | D97: 21:19:11 | E97: Torņu iela 1 | F97: Torņu iela 1 | G97: Estrich | H97: 70 | L97: 35 | Q97: Granulas 8eur/gab. | S97: Torņu iela 1, Rīga Estrich 70m2 Cements 35maisi 18.02.2026 | T97: Augsta | U97: Gatavs pārbaudei | W97: 385 | X97: Iekļaut
A98: WR-2026-0094 | B98: 46072 | C98: 46073 | D98: 08:11:39 | E98: Dārzciema iela 86 | F98: Dārzciema iela 86 | G98: Estrich | H98: 150 | L98: 45 | Q98: Dāvis Estrich Limeni Jaunā Brigāde | R98: 00000389-PHOTO-2026-02-20-08-11-39.jpg | S98: Dārzciema iela 86 150m2 estrich 45maisi cements 3.stāvs 19.02.26 <attached: 00000389-PHOTO-2026-02-20-08-11-39.jpg> | T98: Augsta | U98: Gatavs pārbaudei | W98: 389 | X98: Iekļaut
A99: WR-2026-0095 | B99: 46072 | C99: 46073 | D99: 08:11:48 | E99: Dārzciema iela 86 | F99: Dārzciema iela 86 | G99: Estrich | H99: 150 | L99: 45 | Q99: Dāvis Estrich Limeni Jaunā Brigāde | R99: 00000390-PHOTO-2026-02-20-08-11-48.jpg | S99: Dārzciema iela 86 150m2 estrich 45maisi cements 3.stāvs 19.02.26 <attached: 00000390-PHOTO-2026-02-20-08-11-48.jpg> | T99: Vidēja | U99: Pārbaudīt | V99: Iespējams dublikāts avota ziņai Nr. 389 | W99: 390 | X99: Pārskatīt
A100: WR-2026-0096 | B100: 46072 | C100: 46073 | D100: 14:15:18 | E100: Jānosaka projekts | G100: Estrich | H100: 45 | Q100: Artis Expon Briško | R100: 00000391-PHOTO-2026-02-20-14-15-18.jpg | S100: 19.02. Estrich 1. stāvs 45m² TW 2. stāvs 60m² <attached: 00000391-PHOTO-2026-02-20-14-15-18.jpg> | T100: Zema | U100: Pārbaudīt | V100: Projektu nevar droši noteikt | W100: 391 | X100: Pārskatīt
A101: WR-2026-0097 | B101: 46072 | C101: 46073 | D101: 14:15:18 | E101: Jānosaka projekts | G101: Estrich + Thermowhite | H101: 60 | Q101: Artis Expon Briško | R101: 00000391-PHOTO-2026-02-20-14-15-18.jpg | S101: 19.02. Estrich 1. stāvs 45m² TW 2. stāvs 60m² <attached: 00000391-PHOTO-2026-02-20-14-15-18.jpg> | T101: Zema | U101: Pārbaudīt | V101: Projektu nevar droši noteikt | W101: 391 | X101: Pārskatīt
...

Sheet Pārskatīšana
A1: Ieraksti, kuri jāpārbauda pirms importa
A2: Šeit ir tikai zemākas pārliecības, rediģētas, neskaidra datuma/projekta vai ar laika tuvumu piesaistītas multivides rindas.
A4: Ieraksta ID | B4: Darba datums | C4: Projekts | D4: Darba veids | E4: Apjoms m² | F4: Pārliecība | G4: Iemesls | H4: Autors | I4: Multivide | J4: Avota ziņa | K4: Importa darbība
A5: WR-2026-0004 | B5: 46028 | C5: Kadaga DEPO | D5: Šuvju aizpildīšana | F5: Vidēja | G5: Nav norādīts m² apjoms | H5: Edijs Vinvalks | J5: Kadaga DEPO - Visa platība aizpildītas šuves starp pamatni un sienām + kāpnes PENOSIL 8GB + SILKA 4GB 06.01.2026 | K5: Pārskatīt
A6: WR-2026-0007 | B6: 46029 | C6: Dzirciema iela 16 | D6: Estrich | E6: 240 | F6: Vidēja | G6: Ziņa ir rediģēta | H6: Dāvis Estrich Limeni Jaunā Brigāde | J6: Dzirciema iela 16, Rīga 240m2 estrich + plēve 60 maisi cements 7.1.26 <This message was edited> | K6: Pārskatīt
A7: WR-2026-0014 | B7: 46036 | C7: VC4 | D7: Jānosaka darba veids | E7: 120 | F7: Vidēja | G7: Darba veids nav skaidrs | H7: Limeni! | J7: Expons VC4 5st. 120m2 100mm (16:15) | K7: Pārskatīt
A8: WR-2026-0024 | B8: 46045 | C8: Barona iela 119 | D8: Estrich | E8: 160 | F8: Vidēja | G8: Iespējams dublikāts avota ziņai Nr. 310 | H8: Dāvis Estrich Limeni Jaunā Brigāde | I8: 00000311-PHOTO-2026-01-23-20-44-15.jpg | J8: Barona iela 119 6.st. 160m2 estrich 70 maisi cements 23.01.26 <attached: 00000311-PHOTO-2026-01-23-20-44-15.jpg> | K8: Pārskatīt
A9: WR-2026-0026 | B9: 46045 | C9: Raiņa iela 2A, Iecava | D9: Thermowhite | F9: Vidēja | G9: Nav norādīts m² apjoms | H9: Ronalds Gatavotājs TW Pumpists | J9: Iecava Raiņa iela 400 170 līmes 23.01.26 | K9: Pārskatīt
A10: WR-2026-0032 | B10: 46050 | C10: Jūrmalas gatve 51 | D10: Thermowhite | F10: Vidēja | G10: Nav norādīts m² apjoms | H10: Ronalds Gatavotājs TW Pumpists | J10: Jūrmalas gatve 51 28 līmes 28.01.26 | K10: Pārskatīt
A11: WR-2026-0038 | B11: 46055 | C11: Barona iela 119 | D11: Jānosaka darba veids | E11: 203 | F11: Vidēja | G11: Darba veids nav skaidrs | H11: Ronalds Gatavotājs TW Pumpists | J11: Barona iela 203 m2 71 līme 02.02.26. | K11: Pārskatīt
A12: WR-2026-0039 | B12: 46056 | C12: Barona iela 119 | D12: Thermowhite | E12: 343 | F12: Vidēja | G12: Multivide piesaistīta pēc laika tuvuma; Multivide piesaistīta pēc laika tuvuma | H12: Ronalds Gatavotājs TW Pumpists | I12: 00000325-PHOTO-2026-02-03-18-35-59.jpg; 00000326-PHOTO-2026-02-03-18-36-00.jpg | J12: Barona iela 343 m2 76 līmes 03.02.26 | K12: Pārskatīt
A13: WR-2026-0040 | B13: 46056 | C13: Dārciema iela | D13: Thermowhite | E13: 90 | F13: Vidēja | G13: Ziņas un norādītais datums atšķiras par 29 dienām | H13: Ronalds Gatavotājs TW Pumpists | J13: Dārciema iela 17 līmes 90 m2 03.02.26 | K13: Pārskatīt
A14: WR-2026-0042 | B14: 46057 | C14: Dārzciema iela 86 | D14: Thermowhite | E14: 249 | F14: Vidēja | G14: Multivide piesaistīta pēc laika tuvuma; Multivide piesaistīta pēc laika tuvuma | H14: Dāvis Estrich Limeni Jaunā Brigāde | I14: 00000329-PHOTO-2026-02-04-21-36-32.jpg; 00000330-PHOTO-2026-02-04-21-36-32.jpg; 00000331-PHOTO-2026-02-04-21-36-33.jpg | J14: 4. Un 3. Stāvs Dārzciema iela 86 249m2 Thermo 85maisi līme 04.02.26 <attached: 00000329-PHOTO-2026-02-04-21-36-32.jpg> | K14: Pārskatīt
A15: WR-2026-0043 | B15: 46057 | C15: Dārzciema iela 86 | D15: Thermowhite | E15: 249 | F15: Vidēja | G15: Iespējams dublikāts avota ziņai Nr. 329 | H15: Dāvis Estrich Limeni Jaunā Brigāde | I15: 00000332-PHOTO-2026-02-04-21-36-33.jpg | J15: 4. Un 3. Stāvs Dārzciema iela 86 249m2 Thermo 85maisi līme 04.02.26 <attached: 00000332-PHOTO-2026-02-04-21-36-33.jpg> | K15: Pārskatīt
A16: WR-2026-0046 | B16: 46058 | C16: Dārzciema ielā | D16: Jānosaka darba veids | E16: 59 | F16: Vidēja | G16: Darba veids nav skaidrs | H16: Ronalds Gatavotājs TW Pumpists | J16: Dārzciema ielā 33 līm 59m2 + Aizpūtām bedres | K16: Pārskatīt
A17: WR-2026-0053 | B17: 46060 | C17: Barona iela 119 | D17: Estrich | E17: 195 | F17: Vidēja | G17: Multivide piesaistīta pēc laika tuvuma | H17: Granulas 8eur/gab. | I17: 00000342-PHOTO-2026-02-07-21-45-26.jpg; 00000343-PHOTO-2026-02-07-21-45-26.jpg | J17: Barona iela 119 Pagrabs 195m2 Cements 78 07.02.2026 <attached: 00000342-PHOTO-2026-02-07-21-45-26.jpg> | K17: Pārskatīt
A18: WR-2026-0057 | B18: 46063 | C18: Dārzciema iela | D18: Jānosaka darba veids | E18: 384 | F18: Vidēja | G18: Darba veids nav skaidrs | H18: Ronalds Gatavotājs TW Pumpists | J18: Dārzciema iela 384 m2 71 līme 10.02.26 | K18: Pārskatīt
A19: WR-2026-0059 | B19: 46063 | C19: Dārzciema iela 86 | D19: Estrich | E19: 172 | F19: Vidēja | G19: Iespējams dublikāts avota ziņai Nr. 346 | H19: Dāvis Estrich Limeni Jaunā Brigāde | I19: 00000347-PHOTO-2026-02-10-20-09-40.jpg | J19: Dārzciema iela 86 172m2 estrich 40maisi cements 10.02.26 <attached: 00000347-PHOTO-2026-02-10-20-09-40.jpg> | K19: Pārskatīt
A20: WR-2026-0060 | B20: 46063 | C20: Pasta iela 63 Jelgava | D20: Jānosaka darba veids | E20: 175 | F20: Vidēja | G20: Darba veids nav skaidrs | H20: Granulas 8eur/gab. | J20: Pasta iela 63 Jelgava 175m2 Līme 135 10.02.26 | K20: Pārskatīt
A21: WR-2026-0062 | B21: 46064 | C21: Dārzciema iela | D21: Jānosaka darba veids | E21: 345 | F21: Vidēja | G21: Darba veids nav skaidrs | H21: Ronalds Gatavotājs TW Pumpists | J21: Dārzciema iela 345 m2 61 līmē 11.02.26 | K21: Pārskatīt
A22: WR-2026-0064 | B22: 46064 | C22: Dārzciema iela 86 | D22: Estrich | E22: 232 | F22: Vidēja | G22: Iespējams dublikāts avota ziņai Nr. 350 | H22: Dāvis Estrich Limeni Jaunā Brigāde | I22: 00000351-PHOTO-2026-02-11-18-42-06.jpg | J22: Dārzciema iela 86 232m2 estrich 55maisi cements 11.02.26 <attached: 00000351-PHOTO-2026-02-11-18-42-06.jpg> | K22: Pārskatīt
A23: WR-2026-0066 | B23: 46065 | C23: Barona iela 119 | D23: Thermowhite | E23: 215 | F23: Vidēja | G23: Multivide piesaistīta pēc laika tuvuma | H23: Ronalds Gatavotājs TW Pumpists | I23: 00000363-PHOTO-2026-02-12-18-51-45.jpg | J23: Barona iela 215 m2 60 līmes 2 stāvs 12.02.26 | K23: Pārskatīt
A24: WR-2026-0068 | B24: 46065 | C24: Dārzciema iela 86 | D24: Estrich | E24: 135 | F24: Vidēja | G24: Iespējams dublikāts avota ziņai Nr. 365 | H24: Dāvis Estrich Limeni Jaunā Brigāde | I24: 00000366-PHOTO-2026-02-12-19-32-08.jpg | J24: Dārzciema iela 86 135m2 estrich 40maisi cements 2.stāvs <attached: 00000366-PHOTO-2026-02-12-19-32-08.jpg> | K24: Pārskatīt
A25: WR-2026-0069 | B25: 46065 | C25: Expon | D25: Jānosaka darba veids | E25: 427 | F25: Vidēja | G25: Darba veids nav skaidrs | H25: Kristers Cebulis | I25: 00000359-PHOTO-2026-02-12-18-35-59.jpg | J25: Expon 4 stāvs Dārzciema iela 86 (11.02.26 2 brigādes) (12.02.26 1 brigāde ) 427m2 <attached: 00000359-PHOTO-2026-02-12-18-35-59.jpg> | K25: Pārskatīt
A26: WR-2026-0070 | B26: 46065 | C26: Jānosaka projekts | D26: Jānosaka darba veids | E26: 427 | F26: Zema | G26: Projektu nevar droši noteikt; Darba veids nav skaidrs | H26: Kristers Cebulis | J26: 427m2 | K26: Pārskatīt
A27: WR-2026-0071 | B27: 46066 | C27: Barona iela 119 | D27: Jānosaka darba veids | E27: 264 | F27: Vidēja | G27: Darba veids nav skaidrs; Multivide piesaistīta pēc laika tuvuma | H27: Ronalds Gatavotājs TW Pumpists | I27: 00000372-PHOTO-2026-02-13-21-26-18.jpg | J27: Barona iela 264 m2 61 līme 13.02.26 | K27: Pārskatīt
A28: WR-2026-0074 | B28: 46066 | C28: Krustabaznīcas iela | D28: Jānosaka darba veids | E28: 78 | F28: Vidēja | G28: Darba veids nav skaidrs | H28: Artis Expon Briško | I28: 00000367-PHOTO-2026-02-13-07-16-32.jpg | J28: 12.02 Krustabaznīcas 11 78m² 10cm slānis <attached: 00000367-PHOTO-2026-02-13-07-16-32.jpg> | K28: Pārskatīt
A29: WR-2026-0077 | B29: 46067 | C29: Lietuva | D29: Thermowhite | F29: Vidēja | G29: Nav norādīts m² apjoms | H29: Ronalds Gatavotājs TW Pumpists | J29: 14.02.26 Lietuva 49 līmes | K29: Pārskatīt
A30: WR-2026-0082 | B30: 46069 | C30: Dārzciema iela 86 | D30: Estrich | E30: 207 | F30: Vidēja | G30: Iespējams dublikāts avota ziņai Nr. 376 | H30: Dāvis Estrich Limeni Jaunā Brigāde | I30: 00000377-PHOTO-2026-02-16-19-24-51.jpg | J30: Dārzciema iela 86 207m2 estrich 65maisi cements 2.stāvs 16.02.26 <attached: 00000377-PHOTO-2026-02-16-19-24-51.jpg> | K30: Pārskatīt
A31: WR-2026-0087 | B31: 46071 | C31: Dārzciema iela 86 | D31: Estrich | E31: 89 | F31: Vidēja | G31: Iespējams dublikāts avota ziņai Nr. 383 | H31: Dāvis Estrich Limeni Jaunā Brigāde | I31: 00000384-PHOTO-2026-02-18-21-16-06.jpg | J31: Dārzciema iela 86 89m2 estrich 2.stāvs 155m2 estrich 3.stāvs 60maisi cements 18.02.26 <attached: 00000384-PHOTO-2026-02-18-21-16-06.jpg> | K31: Pārskatīt
A32: WR-2026-0088 | B32: 46071 | C32: Dārzciema iela 86 | D32: Estrich | E32: 155 | F32: Vidēja | G32: Iespējams dublikāts avota ziņai Nr. 383 | H32: Dāvis Estrich Limeni Jaunā Brigāde | I32: 00000384-PHOTO-2026-02-18-21-16-06.jpg | J32: Dārzciema iela 86 89m2 estrich 2.stāvs 155m2 estrich 3.stāvs 60maisi cements 18.02.26 <attached: 00000384-PHOTO-2026-02-18-21-16-06.jpg> | K32: Pārskatīt
A33: WR-2026-0089 | B33: 46071 | C33: Jānosaka projekts | D33: Thermowhite | E33: 330 | F33: Zema | G33: Projektu nevar droši noteikt | H33: Ronalds Gatavotājs TW Pumpists | J33: 16.02 83 līmes 330m2 17.02 179 līmes 200 m2 18.02. 50 līmes 200 m2 | K33: Pārskatīt
A34: WR-2026-0090 | B34: 46071 | C34: Jānosaka projekts | D34: Thermowhite | E34: 200 | F34: Zema | G34: Projektu nevar droši noteikt | H34: Ronalds Gatavotājs TW Pumpists | J34: 16.02 83 līmes 330m2 17.02 179 līmes 200 m2 18.02. 50 līmes 200 m2 | K34: Pārskatīt
A35: WR-2026-0091 | B35: 46071 | C35: Jānosaka projekts | D35: Thermowhite | E35: 200 | F35: Zema | G35: Projektu nevar droši noteikt | H35: Ronalds Gatavotājs TW Pumpists | J35: 16.02 83 līmes 330m2 17.02 179 līmes 200 m2 18.02. 50 līmes 200 m2 | K35: Pārskatīt
A36: WR-2026-0095 | B36: 46072 | C36: Dārzciema iela 86 | D36: Estrich | E36: 150 | F36: Vidēja | G36: Iespējams dublikāts avota ziņai Nr. 389 | H36: Dāvis Estrich Limeni Jaunā Brigāde | I36: 00000390-PHOTO-2026-02-20-08-11-48.jpg | J36: Dārzciema iela 86 150m2 estrich 45maisi cements 3.stāvs 19.02.26 <attached: 00000390-PHOTO-2026-02-20-08-11-48.jpg> | K36: Pārskatīt
A37: WR-2026-0096 | B37: 46072 | C37: Jānosaka projekts | D37: Estrich | E37: 45 | F37: Zema | G37: Projektu nevar droši noteikt | H37: Artis Expon Briško | I37: 00000391-PHOTO-2026-02-20-14-15-18.jpg | J37: 19.02. Estrich 1. stāvs 45m² TW 2. stāvs 60m² <attached: 00000391-PHOTO-2026-02-20-14-15-18.jpg> | K37: Pārskatīt
A38: WR-2026-0097 | B38: 46072 | C38: Jānosaka projekts | D38: Estrich + Thermowhite | E38: 60 | F38: Zema | G38: Projektu nevar droši noteikt | H38: Artis Expon Briško | I38: 00000391-PHOTO-2026-02-20-14-15-18.jpg | J38: 19.02. Estrich 1. stāvs 45m² TW 2. stāvs 60m² <attached: 00000391-PHOTO-2026-02-20-14-15-18.jpg> | K38: Pārskatīt
A39: WR-2026-0100 | B39: 46073 | C39: Dārzciema iela 86 | D39: Estrich | E39: 190 | F39: Vidēja | G39: Iespējams dublikāts avota ziņai Nr. 393 | H39: Dāvis Estrich Limeni Jaunā Brigāde | I39: 00000394-PHOTO-2026-02-20-17-19-15.jpg | J39: Dārzciema iela 86 190m2 estrich 2.stāvs 60maisi cements 20.02.26 <attached: 00000394-PHOTO-2026-02-20-17-19-15.jpg> | K39: Pārskatīt
A40: WR-2026-0101 | B40: 46073 | C40: Jānosaka projekts | D40: Estrich | E40: 60 | F40: Zema | G40: Projektu nevar droši noteikt | H40: Artis Expon Briško | I40: 00000392-PHOTO-2026-02-20-14-16-22.jpg | J40: 20.02. Estrich 2. stāvs 60m² Estrich pagrabs 15m² TW 2. stāvs 38m² <attached: 00000392-PHOTO-2026-02-20-14-16-22.jpg> | K40: Pārskatīt
A41: WR-2026-0102 | B41: 46073 | C41: Jānosaka projekts | D41: Estrich | E41: 15 | F41: Zema | G41: Projektu nevar droši noteikt | H41: Artis Expon Briško | I41: 00000392-PHOTO-2026-02-20-14-16-22.jpg | J41: 20.02. Estrich 2. stāvs 60m² Estrich pagrabs 15m² TW 2. stāvs 38m² <attached: 00000392-PHOTO-2026-02-20-14-16-22.jpg> | K41: Pārskatīt
A42: WR-2026-0103 | B42: 46073 | C42: Jānosaka projekts | D42: Estrich + Thermowhite | E42: 38 | F42: Zema | G42: Projektu nevar droši noteikt | H42: Artis Expon Briško | I42: 00000392-PHOTO-2026-02-20-14-16-22.jpg | J42: 20.02. Estrich 2. stāvs 60m² Estrich pagrabs 15m² TW 2. stāvs 38m² <attached: 00000392-PHOTO-2026-02-20-14-16-22.jpg> | K42: Pārskatīt
A43: WR-2026-0107 | B43: 46074 | C43: Jānosaka projekts | D43: Estrich | E43: 108 | F43: Zema | G43: Projektu nevar droši noteikt | H43: Artis Expon Briško | I43: 00000397-PHOTO-2026-02-21-17-18-28.jpg | J43: 21.02 Estrich 108m² 2. stāvs <attached: 00000397-PHOTO-2026-02-21-17-18-28.jpg> | K43: Pārskatīt
A44: WR-2026-0108 | B44: 46074 | C44: Kadaga | D44: Thermowhite | E44: 360 | F44: Vidēja | G44: Ziņas un norādītais datums atšķiras par 30 dienām | H44: Ronalds Gatavotājs TW Pumpists | J44: Kadaga 360 m2 76 līmes 21.02.26. | K44: Pārskatīt
A45: WR-2026-0111 | B45: 46076 | C45: Dārzciema iela 86 | D45: Estrich | E45: 208 | F45: Vidēja | G45: Iespējams dublikāts avota ziņai Nr. 401 | H45: Dāvis Estrich Limeni Jaunā Brigāde | I45: 00000402-PHOTO-2026-02-23-16-05-09.jpg | J45: Dārzciema iela 86, Rīga 208m2 estrich 2.stāvs 55maisi cements 23.02.26 <attached: 00000402-PHOTO-2026-02-23-16-05-09.jpg> | K45: Pārskatīt
A46: WR-2026-0112 | B46: 46076 | C46: Dārzciema iela 86 | D46: Thermowhite | E46: 376 | F46: Vidēja | G46: Multivide piesaistīta pēc laika tuvuma | H46: Ronalds Gatavotājs TW Pumpists | I46: 00000405-PHOTO-2026-02-24-08-05-54.jpg | J46: Dārzciema iela 86 376 m2 79 līmes 23.02.26 | K46: Pārskatīt
A47: WR-2026-0113 | B47: 46076 | C47: Jānosaka projekts | D47: Thermowhite | E47: 270 | F47: Zema | G47: Projektu nevar droši noteikt | H47: Artis Expon Briško | I47: 00000400-PHOTO-2026-02-23-14-25-21.jpg | J47: TW 270m² 2. stāvs <attached: 00000400-PHOTO-2026-02-23-14-25-21.jpg> | K47: Pārskatīt
A48: WR-2026-0119 | B48: 46077 | C48: Dārzciema iela 86 | D48: Estrich | E48: 190 | F48: Vidēja | G48: Iespējams dublikāts avota ziņai Nr. 408 | H48: Dāvis Estrich Limeni Jaunā Brigāde | I48: 00000409-PHOTO-2026-02-24-17-42-51.jpg | J48: Dārzciema iela 86 190m2 estrich 1.stāvs 70maisi cements 24.02.26 <attached: 00000409-PHOTO-2026-02-24-17-42-51.jpg> | K48: Pārskatīt
A49: WR-2026-0121 | B49: 46078 | C49: Barona iela 119 | D49: Jānosaka darba veids | E49: 574 | F49: Vidēja | G49: Darba veids nav skaidrs; Multivide piesaistīta pēc laika tuvuma; Multivide piesaistīta pēc laika tuvuma | H49: Ronalds Gatavotājs TW Pumpists | I49: 00000420-PHOTO-2026-02-25-20-57-22.jpg; 00000421-PHOTO-2026-02-25-20-57-23.jpg | J49: Barona iela 119 574 m2 141 līme 25.02 | K49: Pārskatīt
A50: WR-2026-0122 | B50: 46078 | C50: Barona iela 119 | D50: Estrich | E50: 260 | F50: Vidēja | G50: Multivide piesaistīta pēc laika tuvuma | H50: Granulas 8eur/gab. | I50: 00000424-PHOTO-2026-02-25-22-49-52.jpg; 00000425-PHOTO-2026-02-25-22-49-52.jpg | J50: Barona iela 119 Estrich 260m2 2.stāvs un 1.stāvs Cementa maisi 106 gab. 25.02.2026 <attached: 00000424-PHOTO-2026-02-25-22-49-52.jpg> | K50: Pārskatīt
A51: WR-2026-0124 | B51: 46078 | C51: Dārzciema iela 86 | D51: Estrich | E51: 110 | F51: Vidēja | G51: Iespējams dublikāts avota ziņai Nr. 413 | H51: Dāvis Estrich Limeni Jaunā Brigāde | I51: 00000414-PHOTO-2026-02-25-18-46-54.jpg | J51: Dārzciema iela 86, Rīga 110m2 estrich 1.stāvs 55maisi cements 25.02.26 <attached: 00000414-PHOTO-2026-02-25-18-46-54.jpg> | K51: Pārskatīt
A52: WR-2026-0125 | B52: 46078 | C52: Jānosaka projekts | D52: Estrich | E52: 157 | F52: Zema | G52: Projektu nevar droši noteikt | H52: Gvido /estrich Vilcejs LIMENI | I52: 00000416-PHOTO-2026-02-25-20-16-47.jpg | J52: 157m2 49 maisi cementa. 25.02. <attached: 00000416-PHOTO-2026-02-25-20-16-47.jpg> | K52: Pārskatīt
A53: WR-2026-0132 | B53: 46080 | C53: Jānosaka projekts | D53: Thermowhite | E53: 217 | F53: Zema | G53: Projektu nevar droši noteikt; Multivide piesaistīta pēc laika tuvuma | H53: Ronalds Gatavotājs TW Pumpists | I53: 00000435-PHOTO-2026-02-27-16-13-10.jpg | J53: 217m2 32 līmes 27.02.26 | K53: Pārskatīt
A54: WR-2026-0133 | B54: 46080 | C54: Jānosaka projekts | D54: Jānosaka darba veids | E54: 73 | F54: Zema | G54: Projektu nevar droši noteikt; Darba veids nav skaidrs | H54: Gvido /estrich Vilcejs LIMENI | I54: 00000448-PHOTO-2026-03-02-12-07-05.jpg | J54: 73m2 Estrihs 25 maisi. 27.02.26 <attached: 00000448-PHOTO-2026-03-02-12-07-05.jpg> | K54: Pārskatīt
A55: WR-2026-0137 | B55: 46081 | C55: Barona iela 119 | D55: Estrich | E55: 274 | F55: Vidēja | G55: Multivide piesaistīta pēc laika tuvuma | H55: Granulas 8eur/gab. | I55: 00000445-PHOTO-2026-02-28-19-54-24.jpg; 00000446-PHOTO-2026-02-28-19-54-24.jpg | J55: Barona iela 119 1.stāvs,5.stāvs. Estrich 274m2 Cementa maisi 99 gab. 28.02.2026 <attached: 00000445-PHOTO-2026-02-28-19-54-24.jpg> | K55: Pārskatīt
A56: WR-2026-0139 | B56: 46083 | C56: Barona iela 119 | D56: Estrich | E56: 127 | F56: Vidēja | G56: Multivide piesaistīta pēc laika tuvuma | H56: Granulas 8eur/gab. | I56: 00000459-PHOTO-2026-03-02-20-10-19.jpg; 00000460-PHOTO-2026-03-02-20-10-19.jpg | J56: Barona iela 119 4.stāvs, 1.stāvs Estrich 127m2 Dzelteno krāsu iezīmēts. Cementa maisi 52gab. 02.03.2026 <attached: 00000459-PHOTO-2026-03-02-20-10-19.jpg> | K56: Pārskatīt
A57: WR-2026-0146 | B57: 46084 | C57: Jānosaka projekts | D57: Jānosaka darba veids | E57: 150 | F57: Zema | G57: Projektu nevar droši noteikt; Darba veids nav skaidrs | H57: Gvido /estrich Vilcejs LIMENI | I57: 00000463-PHOTO-2026-03-03-16-37-57.jpg | J57: 150 m2 030326 <attached: 00000463-PHOTO-2026-03-03-16-37-57.jpg> | K57: Pārskatīt
A58: WR-2026-0149 | B58: 46085 | C58: Barona iela 119 | D58: Estrich | F58: Vidēja | G58: Nav norādīts m² apjoms; Multivide piesaistīta pēc laika tuvuma | H58: Granulas 8eur/gab. | I58: 00000470-PHOTO-2026-03-04-19-17-43.jpg; 00000471-PHOTO-2026-03-04-19-17-43.jpg | J58: Barona iela119 1.stāvs un 3.stāvs Estrich176m2+plēve Cementa maisi 75gab. 04.03.2026. <attached: 00000470-PHOTO-2026-03-04-19-17-43.jpg> | K58: Pārskatīt
A59: WR-2026-0151 | B59: 46085 | C59: Barona iela 119 | D59: Thermowhite | F59: Zema | G59: Nav norādīts m² apjoms; Ziņā iespējami vairāki projekta nosaukumi | H59: Ronalds Gatavotājs TW Pumpists | J59: Barona iela 119 Kāpņu laukumi 43 līmes 04.03.26 | K59: Pārskatīt
A60: WR-2026-0154 | B60: 46085 | C60: Jānosaka projekts | D60: Jānosaka darba veids | E60: 153 | F60: Zema | G60: Projektu nevar droši noteikt; Darba veids nav skaidrs | H60: Gvido /estrich Vilcejs LIMENI | I60: 00000472-PHOTO-2026-03-04-19-20-26.jpg | J60: 153m2 04.03 26 <attached: 00000472-PHOTO-2026-03-04-19-20-26.jpg> | K60: Pārskatīt
A61: WR-2026-0155 | B61: 46085 | C61: Stabu iela 6-11A | D61: Thermowhite | E61: 47 | F61: Vidēja | G61: Ziņā iespējami vairāki projekta nosaukumi | H61: Granulas 8eur/gab. | J61: 1) Stabu iela 6-11A, Rīga 47m2 Tw Līme 23gab. 2)Maskavas iela 252 k3 dzīvoklis 18 40m2 TW Līme 17gab. 04.03.2026 04.03.2026 | K61: Pārskatīt
A62: WR-2026-0156 | B62: 46085 | C62: Stabu iela 6-11A | D62: Thermowhite | E62: 40 | F62: Vidēja | G62: Ziņā iespējami vairāki projekta nosaukumi | H62: Granulas 8eur/gab. | J62: 1) Stabu iela 6-11A, Rīga 47m2 Tw Līme 23gab. 2)Maskavas iela 252 k3 dzīvoklis 18 40m2 TW Līme 17gab. 04.03.2026 04.03.2026 | K62: Pārskatīt
A63: WR-2026-0158 | B63: 46087 | C63: Jānosaka projekts | D63: Jānosaka darba veids | E63: 55 | F63: Zema | G63: Projektu nevar droši noteikt; Darba veids nav skaidrs | H63: Artis Expon Briško | J63: 55m² | K63: Pārskatīt
A64: WR-2026-0159 | B64: 46087 | C64: Jānosaka projekts | D64: Jānosaka darba veids | E64: 93 | F64: Zema | G64: Projektu nevar droši noteikt; Darba veids nav skaidrs | H64: Artis Expon Briško | J64: 93m² | K64: Pārskatīt
A65: WR-2026-0160 | B65: 46087 | C65: Pasta iela 63 | D65: Thermowhite | F65: Vidēja | G65: Nav norādīts m² apjoms | H65: Ronalds Gatavotājs TW Pumpists | J65: Pasta iela 63 Jelgava 152 līmes 1stāvs pabeigts 06.03.26 | K65: Pārskatīt
A66: WR-2026-0163 | B66: 46088 | C66: Barona iela 119 | D66: Estrich | E66: 203 | F66: Vidēja | G66: Ziņā iespējami vairāki projekta nosaukumi | H66: Granulas 8eur/gab. | J66: Barona iela 119 Kāpņu laukumi 9gab. un 5 izstabas.+plēve. Estrich 203m2 Cementa maisi 76gab. 07.03.2026 | K66: Pārskatīt
A67: WR-2026-0167 | B67: 46090 | C67: Uriekstes iela 42B | D67: Thermowhite | E67: 89 | F67: Vidēja | G67: Multivide piesaistīta pēc laika tuvuma | H67: Ronalds Gatavotājs TW Pumpists | I67: 00000501-PHOTO-2026-03-10-09-12-44.jpg | J67: Uriekstes iela 42B 89m2 42 līmes 09.03.26 | K67: Pārskatīt
A68: WR-2026-0169 | B68: 46091 | C68: un 10.03 | D68: Jānosaka darba veids | E68: 320 | F68: Vidēja | G68: Darba veids nav skaidrs | H68: Gvido /estrich Vilcejs LIMENI | I68: 00000504-PHOTO-2026-03-10-19-31-53.jpg | J68: 320 m2 09.03un 10.03 <attached: 00000504-PHOTO-2026-03-10-19-31-53.jpg> | K68: Pārskatīt
A69: WR-2026-0170 | B69: 46091 | C69: Uriekstes iela 42B | D69: Thermowhite | E69: 222 | F69: Vidēja | G69: Multivide piesaistīta pēc laika tuvuma | H69: Ronalds Gatavotājs TW Pumpists | I69: 00000503-PHOTO-2026-03-10-17-11-28.jpg | J69: Uriekstes iela 42B 1 stāvs 222 m2 92 līmes 10.03.26 | K69: Pārskatīt
A70: WR-2026-0173 | B70: 46092 | C70: Jānosaka projekts | D70: Thermowhite | E70: 300 | F70: Zema | G70: Projektu nevar droši noteikt | H70: Artis Expon Briško | J70: 10.-11.03 Bērzaunes 15, TW 300m² 4.stāvs. | K70: Pārskatīt
A71: WR-2026-0175 | B71: 46092 | C71: Uriekstes iela 42B | D71: Thermowhite | E71: 144 | F71: Vidēja | G71: Multivide piesaistīta pēc laika tuvuma | H71: Ronalds Gatavotājs TW Pumpists | I71: 00000508-PHOTO-2026-03-11-16-56-54.jpg | J71: Uriekstes iela 42B 144 m2 2stāvs 40līmes 6 līmes pabeidzām 1 stāvu. 11.03.26 | K71: Pārskatīt
A72: WR-2026-0178 | B72: 46093 | C72: Jānosaka projekts | D72: Jānosaka darba veids | E72: 280 | F72: Zema | G72: Projektu nevar droši noteikt; Darba veids nav skaidrs; Multivide piesaistīta pēc laika tuvuma | H72: Gvido /estrich Vilcejs LIMENI | I72: 00000524-PHOTO-2026-03-12-19-34-51.jpg | J72: 280m2 59 lime | K72: Pārskatīt
A73: WR-2026-0179 | B73: 46093 | C73: Prohorova iela 13, Jelgava | D73: Thermowhite | E73: 186 | F73: Vidēja | G73: Multivide piesaistīta pēc laika tuvuma | H73: Granulas 8eur/gab. | I73: 00000528-PHOTO-2026-03-13-21-11-09.jpg; 00000529-PHOTO-2026-03-13-21-11-10.jpg | J73: Prohorova iela 13, Jelgava 2,3 stāvs TW 186m2 Līme 38gab. 12.03.2026 <attached: 00000528-PHOTO-2026-03-13-21-11-09.jpg> | K73: Pārskatīt
A74: WR-2026-0180 | B74: 46093 | C74: Uriekstes iela 42B | D74: Thermowhite | E74: 215 | F74: Vidēja | G74: Multivide piesaistīta pēc laika tuvuma | H74: Ronalds Gatavotājs TW Pumpists | I74: 00000521-PHOTO-2026-03-12-18-19-04.jpg | J74: Uriekstes iela 42B 215 m2 46 līmes 12.03.26 | K74: Pārskatīt
A75: WR-2026-0183 | B75: 46094 | C75: Igaunija | D75: Thermowhite | F75: Vidēja | G75: Nav norādīts m² apjoms | H75: Ronalds Gatavotājs TW Pumpists | J75: Igaunija 72 līmes 114 granulas 13.03.26. | K75: Pārskatīt
A76: WR-2026-0184 | B76: 46094 | C76: Jānosaka projekts | D76: Estrich | E76: 100 | F76: Zema | G76: Projektu nevar droši noteikt | H76: Gvido /estrich Vilcejs LIMENI | I76: 00000534-PHOTO-2026-03-13-21-42-33.jpg | J76: 13 03 100m2 32 maisi cementa <attached: 00000534-PHOTO-2026-03-13-21-42-33.jpg> | K76: Pārskatīt
A77: WR-2026-0185 | B77: 46094 | C77: Prohorova iela 13, Jelgava | D77: Estrich | E77: 145 | F77: Vidēja | G77: Multivide piesaistīta pēc laika tuvuma | H77: Granulas 8eur/gab. | I77: 00000532-PHOTO-2026-03-13-21-21-19.jpg; 00000533-PHOTO-2026-03-13-21-21-19.jpg | J77: Prohorova iela 13, Jelgava Estrich 145m2 Cementa maisi 66gab. 13.03.2026 <attached: 00000532-PHOTO-2026-03-13-21-21-19.jpg> | K77: Pārskatīt
A78: WR-2026-0189 | B78: 46098 | C78: Dārciema iela | D78: Thermowhite | F78: Vidēja | G78: Nav norādīts m² apjoms | H78: Ronalds Gatavotājs TW Pumpists | J78: Dārciema iela Tranšejas 1 stāvs 5 līmēs 17.03.26 | K78: Pārskatīt
A79: WR-2026-0192 | B79: 46098 | C79: VC4 | D79: Estrich + Šuvju aizpildīšana + Slīpēšana / apstrāde | F79: Zema | G79: Nav norādīts m² apjoms; Ziņa ir rediģēta | H79: Edijs Vinvalks Limeni | J79: VC4, B119 *2. stāvs* - Estrich šuvju griešana, epoxy iestrāde (sarkans) *3. stāvs* - Estrich šuvju griešana, epoxy iestrāde (sarkans) *4. stāvs* - Estrich grīdas slīpēšana 1.5cm nost. Iesākts, bet nepabeigts. (zils) + Fieldware aizpildīšana + ART8 sarunas uzturēšana <This message was edited> | K79: Pārskatīt
A80: WR-2026-0194 | B80: 46099 | C80: Liepāja cukura iela 7 | D80: Thermowhite | F80: Vidēja | G80: Nav norādīts m² apjoms | H80: Ronalds Gatavotājs TW Pumpists | J80: Liepāja cukura iela 7 64 līmes 18.03.26 | K80: Pārskatīt
A81: WR-2026-0202 | B81: 46105 | C81: Jānosaka projekts | D81: Šuvju aizpildīšana | F81: Zema | G81: Projektu nevar droši noteikt; Nav norādīts m² apjoms | H81: Edijs Vinvalks Limeni | I81: 00000554-PHOTO-2026-03-24-14-17-11.jpg | J81: 23.03-24.03 Alūksne, Ziemeru 4 1) 150m šuves iestrāde ar Penosil 2) Aizšpaktelēt vajadzīgās vietas no Renāra kas ar mums saistīts - 34gb. PENOSIL hermētiķis (19gb ksenukai, 15gb no bāzes) - ⁠10gb. Deformācijas šuvu diegs - ⁠1 maiss Mapei Planitop FINE špaktele Nodots un Renārs (darbu vad.) apstiprinājis. <attached: 00000554-PHOTO-2026-03-24-14-17-11.jpg> | K81: Pārskatīt
A82: WR-2026-0205 | B82: 46107 | C82: Jānosaka projekts | D82: Jānosaka darba veids | E82: 45 | F82: Zema | G82: Projektu nevar droši noteikt; Darba veids nav skaidrs | H82: Gvido /estrich Vilcejs LIMENI | I82: 00000558-PHOTO-2026-03-26-21-51-36.jpg | J82: Ar zilo nav ieliets.(45m2) 513m2 3st 23.03-25.03 <attached: 00000558-PHOTO-2026-03-26-21-51-36.jpg> | K82: Pārskatīt
A83: WR-2026-0206 | B83: 46107 | C83: Jānosaka projekts | D83: Jānosaka darba veids | E83: 513 | F83: Zema | G83: Projektu nevar droši noteikt; Darba veids nav skaidrs | H83: Gvido /estrich Vilcejs LIMENI | I83: 00000558-PHOTO-2026-03-26-21-51-36.jpg | J83: Ar zilo nav ieliets.(45m2) 513m2 3st 23.03-25.03 <attached: 00000558-PHOTO-2026-03-26-21-51-36.jpg> | K83: Pārskatīt
A84: WR-2026-0219 | B84: 46112 | C84: Cukura iela 7, Liepāja | D84: Estrich | E84: 316 | F84: Vidēja | G84: Multivide piesaistīta pēc laika tuvuma | H84: Granulas 8eur/gab. | I84: 00000576-PHOTO-2026-03-31-20-37-59.jpg; 00000577-PHOTO-2026-03-31-20-38-00.jpg | J84: Cukura iela 7, Liepāja 3.2stāvs Estrich 316m2 Ar zilu krāsu iezīmēts. Cementa maisi 113 gab. 31.03.2026 <attached: 00000576-PHOTO-2026-03-31-20-37-59.jpg> | K84: Pārskatīt
A85: WR-2026-0220 | B85: 46112 | C85: Jānosaka projekts | D85: Plēves ieklāšana | E85: 416 | F85: Zema | G85: Projektu nevar droši noteikt | H85: Granulas 8eur/gab. | J85: +Plēves ieklāšana 416m2 | K85: Pārskatīt
A86: WR-2026-0226 | B86: 46114 | C86: Barona iela 119 | D86: Estrich | F86: Vidēja | G86: Nav norādīts m² apjoms | H86: Granulas 8eur/gab. | J86: Barona iela 119 Pa beidzām saliet astītes Estrichu. Cementa maisi 21 gab. 2.04.2026 | K86: Pārskatīt
A87: WR-2026-0231 | B87: 46119 | C87: Prohorova iela 13 | D87: Estrich | E87: 233 | F87: Vidēja | G87: Multivide piesaistīta pēc laika tuvuma | H87: Granulas 8eur/gab. | I87: 00000592-PHOTO-2026-04-09-22-36-34.jpg; 00000593-PHOTO-2026-04-09-22-36-35.jpg | J87: Prohorova iela 13 Estrich 233m2 Cementa maisi 86 gab 07.04.2026 <attached: 00000592-PHOTO-2026-04-09-22-36-34.jpg> | K87: Pārskatīt
A88: WR-2026-0233 | B88: 46120 | C88: Mazas, nevienmērīgas plaisas kur īsākas 5-15cm, garākas sākot no +/- 10-20cm | D88: Šuvju aizpildīšana | F88: Zema | G88: Nav norādīts m² apjoms; Ziņa ir rediģēta | H88: Edijs Vinvalks Limeni | J88: 1) Standarta šuves no 15cm - +/-20cm 2) Mazas, nevienmērīgas plaisas kur īsākas 5-15cm, garākas sākot no +/- 10-20cm <This message was edited> | K88: Pārskatīt
A89: WR-2026-0235 | B89: 46120 | C89: VC4 | D89: Estrich + Šuvju aizpildīšana | F89: Vidēja | G89: Nav norādīts m² apjoms | H89: Edijs Vinvalks Limeni | I89: 00000585-PHOTO-2026-04-08-12-30-33.jpg | J89: VC4, 6.st. *04.04* - Zilais laukums - sazāģētas visas stāva estrich šuves *07.04* - Dzeltenais laukums - iestrādātas ar epoxy/skavām (2-4 reizes pāriets vietām) *08.04* - Sarkanais laukums - iestrādātas ar epoxy/skavām (2-3 reizes pāriets vietām) - Epokate Rapid ËË - 3 kompl. A+B - Kvarca smiltis - 45kg - ⁠+/- 600 skavas <attached: 00000585-PHOTO-2026-04-08-12-30-33.jpg> | K89: Pārskatīt
A90: WR-2026-0239 | B90: 46122 | C90: Bukultu iela 7k1 | D90: Thermowhite | F90: Vidēja | G90: Nav norādīts m² apjoms | H90: Ronalds Gatavotājs TW Pumpists | J90: Bukultu iela 7k1 226 līmes 10.04.26 | K90: Pārskatīt
A91: WR-2026-0242 | B91: 46123 | C91: Lubāna, Krasta iela 6 | D91: Estrich + Šuvju aizpildīšana | F91: Vidēja | G91: Nav norādīts m² apjoms | H91: Edijs Vinvalks Limeni | J91: Lubāna, Krasta iela 6 2. stāvs estrich šuves sazāģēt/skavas/epoxy iestrādāt *AR-07* 10.2kg Rapid Epokate 15kg kvarca smiltis ~180 skavas | K91: Pārskatīt
A92: WR-2026-0245 | B92: 46124 | C92: Lubāna, Krasta iela 6 | D92: Estrich + Šuvju aizpildīšana | F92: Vidēja | G92: Nav norādīts m² apjoms | H92: Edijs Vinvalks Limeni | J92: Lubāna, Krasta iela 6 - sadarīts. 1. stāvs estrich šuves sazāģētas + skavas + epoxy iestrāde 9kg Rapid Epokate | K92: Pārskatīt
A93: WR-2026-0246 | B93: 46125 | C93: Niedru iela 9 Jūrmala | D93: Thermowhite | F93: Vidēja | G93: Nav norādīts m² apjoms | H93: Ronalds Gatavotājs TW Pumpists | J93: Niedru iela 9 Jūrmala 85 līmes 13.04.26 | K93: Pārskatīt
A94: WR-2026-0249 | B94: 46125 | C94: Uriekstes iela 42B | D94: Estrich | E94: 93 | F94: Vidēja | G94: Ziņa ir rediģēta | H94: Dāvis Estrich Limeni Jaunā Brigāde | J94: Uiriekstes iela 42B 93m2 estrich 3.stāvs ventkamera +plēve 1.stāvs kāpņu laukums + plēve + atsevišķi plēve 50m2 + līmēšana 50maisi cements 13.04.26 <This message was edited> | K94: Pārskatīt
A95: WR-2026-0250 | B95: 46125 | C95: Uriekstes iela 42B | D95: Thermowhite + Plēves ieklāšana | E95: 50 | F95: Vidēja | G95: Ziņa ir rediģēta | H95: Dāvis Estrich Limeni Jaunā Brigāde | J95: Uiriekstes iela 42B 93m2 estrich 3.stāvs ventkamera +plēve 1.stāvs kāpņu laukums + plēve + atsevišķi plēve 50m2 + līmēšana 50maisi cements 13.04.26 <This message was edited> | K95: Pārskatīt
A96: WR-2026-0252 | B96: 46126 | C96: Viļakas iela Rēzekne | D96: Thermowhite | F96: Vidēja | G96: Nav norādīts m² apjoms | H96: Ronalds Gatavotājs TW Pumpists | J96: Viļakas iela Rēzekne 194 līmes 14.04.26 | K96: Pārskatīt
A97: WR-2026-0253 | B97: 46127 | C97: Viļakas iela Rēzekne | D97: Thermowhite | F97: Vidēja | G97: Nav norādīts m² apjoms | H97: Ronalds Gatavotājs TW Pumpists | J97: Viļakas iela Rēzekne 197 līmes 15.04.26 | K97: Pārskatīt
A98: WR-2026-0256 | B98: 46128 | C98: Uriekstes iela 42B | D98: Jānosaka darba veids | F98: Zema | G98: Darba veids nav skaidrs; Nav norādīts m² apjoms | H98: Ronalds Gatavotājs TW Pumpists | J98: Uriekstes iela 42B 91 līme 1 stāvs 16.04.26 | K98: Pārskatīt
A99: WR-2026-0258 | B99: 46129 | C99: Uriekstes iela 42B | D99: Estrich | E99: 90 | F99: Vidēja | G99: Multivide piesaistīta pēc laika tuvuma | H99: Dāvis Estrich Limeni Jaunā Brigāde | I99: 00000615-PHOTO-2026-04-17-13-14-45.jpg | J99: Uiriekstes iela 42B 90m2 estrich Šuves 30m 2.stāvs | K99: Pārskatīt
A100: WR-2026-0259 | B100: 46129 | C100: Uriekstes iela 42B | D100: Jānosaka darba veids | E100: 250 | F100: Vidēja | G100: Darba veids nav skaidrs; Multivide piesaistīta pēc laika tuvuma | H100: Ronalds Gatavotājs TW Pumpists | I100: 00000618-PHOTO-2026-04-17-19-53-23.jpg | J100: Uriekstes iela 42B 117 līm 250 m2 17.04.26 | K100: Pārskatīt
A101: WR-2026-0260 | B101: 46132 | C101: Čaka iela 123 | D101: Thermowhite | F101: Vidēja | G101: Nav norādīts m² apjoms | H101: Ronalds Gatavotājs TW Pumpists | J101: Čaka iela 123 26 līmes 6 stāvs 20.04.26 | K101: Pārskatīt
...

Sheet Avota ziņas
A1: Visas 2026. gada WhatsApp ziņas
A2: Saglabātas 659 ziņas auditam. Klasifikācija ir automātiska un rediģējama.
A4: Ziņas Nr. | B4: Ziņas datums | C4: Laiks | D4: Autors | E4: Klasifikācija | F4: Iespējamais projekts | G4: Multivides faili | H4: Rediģēta | I4: Pilns avota teksts
A5: 273 | B5: 46023 | C5: 20:08:08 | D5: Gundars TW Staravoitovs | E5: Instrukcija / administrācija | F5: Jānosaka projekts | H5: Nē | I5: Sveiciens visiem jaunajā gadā! Rītdienas darba dienu pārceļam uz 10.01 vai 17.01, lai visiem ražīgs jaunais gads! 🥳
A6: 274 | B6: 46027 | C6: 17:13:45 | D6: Dāvis Estrich Limeni Jaunā Brigāde | E6: Iespējams dienas ieraksts | F6: Dzirciema iela 16 | H6: Nē | I6: Dzirciema iela 16, Rīga 300m2 Thermo 69maisi līme 05.01.2026
A7: 275 | B7: 46027 | C7: 18:08:59 | D7: Ronalds Gatavotājs TW Pumpists | E7: Iespējams dienas ieraksts | F7: Barona iela 119 | H7: Nē | I7: Barona iela 119 235 m2 49 līmes 05.01.26.
A8: 276 | B8: 46028 | C8: 15:48:27 | D8: Edijs Vinvalks | E8: Iespējams dienas ieraksts | F8: Kadaga DEPO | H8: Nē | I8: Kadaga DEPO - Visa platība aizpildītas šuves starp pamatni un sienām + kāpnes PENOSIL 8GB + SILKA 4GB 06.01.2026
A9: 277 | B9: 46028 | C9: 16:53:44 | D9: Artis Expon Briško | E9: Iespējams dienas ieraksts | F9: Vēžu iela 4, Roja | H9: Nē | I9: Roja Vēžu iela 4 TW 113m² 34 līmes un granulas
A10: 278 | B10: 46028 | C10: 18:20:05 | D10: Ronalds Gatavotājs TW Pumpists | E10: Iespējams dienas ieraksts | F10: Barona iela 119 | H10: Nē | I10: Barona iela 119 293 m2 69 līmes 06.01.26
A11: 279 | B11: 46029 | C11: 16:02:12 | D11: Dāvis Estrich Limeni Jaunā Brigāde | E11: Iespējams dienas ieraksts | F11: Dzirciema iela 16 | H11: Jā | I11: Dzirciema iela 16, Rīga 240m2 estrich + plēve 60 maisi cements 7.1.26 <This message was edited>
A12: 280 | B12: 46030 | C12: 11:43:13 | D12: Ronalds Gatavotājs TW Pumpists | E12: Iespējams dienas ieraksts | F12: Barona iela 119 | H12: Nē | I12: Barona 224m2 69 līmes 07.01.26
A13: 281 | B13: 46030 | C13: 20:56:41 | D13: Ronalds Gatavotājs TW Pumpists | E13: Iespējams dienas ieraksts | F13: Kadaga | H13: Nē | I13: Kadaga 360 m2 73 līmes 08.01.26
A14: 282 | B14: 46031 | C14: 20:04:00 | D14: Ronalds Gatavotājs TW Pumpists | E14: Iespējams dienas ieraksts | F14: Raiņa iela 2A, Iecava | H14: Nē | I14: Iecava Raiņa iela 400m2 134 līmēs 09.01.26.
A15: 283 | B15: 46034 | C15: 19:03:45 | D15: Ronalds Gatavotājs TW Pumpists | E15: Iespējams dienas ieraksts | F15: Barona iela 119 | H15: Nē | I15: Barona iela 212 m2 70 līmes 12.01.26
A16: 284 | B16: 46034 | C16: 19:04:15 | D16: Ronalds Gatavotājs TW Pumpists | E16: Datuma turpinājums | F16: Jānosaka projekts | H16: Nē | I16: 12.01.26
... A28: 296 | B28: 46042 | C28: 07:21:25 | D28: Ronalds Gatavotājs TW Pumpists | E28: Iespējams dienas ieraksts | F28: Kadaga | H28: Nē | I28: Kadaga 347 m2 87 līmes 19.01.26
A29: 297 | B29: 46042 | C29: 08:05:49 | D29: Limeni! | E29: Multivide jāpārskata | F29: Jānosaka projekts | G29: 00000297-PHOTO-2026-01-20-08-05-49.jpg | H29: Nē | I29: Labrīt. <attached: 00000297-PHOTO-2026-01-20-08-05-49.jpg>
A30: 298 | B30: 46043 | C30: 08:02:45 | D30: Ronalds Gatavotājs TW Pumpists | E30: Iespējams dienas ieraksts | F30: Kadaga | H30: Nē | I30: Kadaga 274 m2 66 līmes 20.01.26.
A31: 299 | B31: 46043 | C31: 09:40:58 | D31: Gundars TW Staravoitovs | E31: Multivide jāpārskata | F31: Jānosaka projekts | G31: 00000299-PHOTO-2026-01-21-09-40-58.jpg | H31: Nē | I31: Paldies par lieliski sniegto informāciju. Šādi ieraksti ir ļoti labi. 💪 bet tagad iesim vienu solīti uz priekšu. Lielajos projektos nepieciešams OBLIGĀTI klāt plānu ar apvilktu zonu kurā veikti darbi. tas nepieciešams jo mums katru dienu jāraksta BIS (būvdarbu žurnāls) un no šīm izpildshēmām arī rēķinās jŪsu atalgojumu. (m2 tā pat mēram, tikai lai salīdzinātu vai plāni atbilst dabā izdarītajam) <attached: 00000299-PHOTO-2026-01-21-09-40-58.jpg>
A32: 300 | B32: 46043 | C32: 09:41:17 | D32: Gundars TW Staravoitovs | E32: Multivide jāpārskata | F32: Barona iela 119 | G32: 00000300-PHOTO-2026-01-21-09-41-17.jpg | H32: Nē | I32: uz bildes var nerakstīt datumu, un m2, galvenais apvilkt zonu kas izdarīta un tektā tad raksta: 16.01.2026 Barona iela 67m2 20 līmes <attached: 00000300-PHOTO-2026-01-21-09-41-17.jpg>
A33: 301 | B33: 46043 | C33: 09:41:53 | D33: Gundars TW Staravoitovs | E33: Instrukcija / administrācija | F33: Konkurenti jau tā dara, tā kā tas nav tikai mūsu izdomājums | H33: Nē | I33: Konkurenti jau tā dara, tā kā tas nav tikai mūsu izdomājums
A34: 302 | B34: 46043 | C34: 09:55:29 | D34: Gundars TW Staravoitovs | E34: Multivide jāpārskata | F34: Jānosaka projekts | G34: 00000302-PHOTO-2026-01-21-09-55-29.jpg | H34: Nē | I34: te kā lielajos objektos mums līgumā rakstīts, Mēs tikai tāpēc to prasam. Tikai kopīgi varam to izpildīt un saņemt naudu par paveikto. <attached: 00000302-PHOTO-2026-01-21-09-55-29.jpg>
A35: 303 | B35: 46043 | C35: 10:20:34 | D35: Gundars TW Staravoitovs | E35: Instrukcija / administrācija | F35: Jānosaka projekts | H35: Nē | I35: Plānus nosūtīs Kristers pirms darbu uzsākšanas, norā'dis arī plānoto dienas apjomu kas jāsasniedz
A36: 304 | B36: 46044 | C36: 09:34:18 | D36: Raivis /TW Vilcejs | E36: Cita sarakste | F36: Jānosaka projekts | H36: Nē | I36: Gundars TW Staravoitovs added Raivis /TW Vilcejs
A37: 305 | B37: 46044 | C37: 09:20:51 | D37: Ronalds Gatavotājs TW Pumpists | E37: Iespējams dienas ieraksts | F37: Kadaga | H37: Nē | I37: Kadaga 360 m2 76 līmes 21.02.26.
A38: 306 | B38: 46044 | C38: 15:46:46 | D38: Artis Expon Briško | E38: Iespējams dienas ieraksts | F38: Bērzaunes iela 15 | H38: Nē | I38: Bērzaunes 15 Estrich 90m²
A39: 307 | B39: 46044 | C39: 18:26:30 | D39: Dāvis Estrich Limeni Jaunā Brigāde | E39: Iespējams dienas ieraksts | F39: Barona iela 119 | G39: 00000307-PHOTO-2026-01-22-18-26-30.jpg | H39: Nē | I39: Barona iela 119 6.st. 155m2 estrich 65maisi cements 22.01.26 <attached: 00000307-PHOTO-2026-01-22-18-26-30.jpg>
A40: 308 | B40: 46045 | C40: 16:04:47 | D40: Artis Expon Briško | E40: Iespējams dienas ieraksts | F40: Bērzaunes iela 15 | H40: Nē | I40: Bērzaunes 15 Estrich 102m²
A41: 309 | B41: 46045 | C41: 18:37:23 | D41: Ronalds Gatavotājs TW Pumpists | E41: Iespējams dienas ieraksts | F41: Raiņa iela 2A, Iecava | H41: Nē | I41: Iecava Raiņa iela 400 170 līmes 23.01.26
A42: 310 | B42: 46045 | C42: 20:44:14 | D42: Dāvis Estrich Limeni Jaunā Brigāde | E42: Iespējams dienas ieraksts | F42: Barona iela 119 | G42: 00000310-PHOTO-2026-01-23-20-44-14.jpg | H42: Nē | I42: Barona iela 119 6.st. 160m2 estrich 70 maisi cements 23.01.26 <attached: 00000310-PHOTO-2026-01-23-20-44-14.jpg>
A43: 311 | B43: 46045 | C43: 20:44:15 | D43: Dāvis Estrich Limeni Jaunā Brigāde | E43: Iespējams dienas ieraksts | F43: Barona iela 119 | G43: 00000311-PHOTO-2026-01-23-20-44-15.jpg | H43: Nē | I43: Barona iela 119 6.st. 160m2 estrich 70 maisi cements 23.01.26 <attached: 00000311-PHOTO-2026-01-23-20-44-15.jpg>
A44: 312 | B44: 46046 | C44: 21:25:36 | D44: Granulas 8eur/gab. | E44: Iespējams dienas ieraksts | F44: Barona iela 119 | G44: 00000312-PHOTO-2026-01-24-21-25-36.jpg | H44: Nē | I44: Barona iela 119 5.st 107m2 Estrich 51maisi cements 24.01.2026 <attached: 00000312-PHOTO-2026-01-24-21-25-36.jpg>
A45: 313 | B45: 46048 | C45: 15:07:26 | D45: Artis Expon Briško | E45: Iespējams dienas ieraksts | F45: Bērzaunes iela 15 | H45: Nē | I45: Bērzaunes 15 Estrich 113m²
A46: 314 | B46: 46048 | C46: 21:09:34 | D46: Ronalds Gatavotājs TW Pumpists | E46: Iespējams dienas ieraksts | F46: Kadaga | H46: Nē | I46: Kadaga 279 m2 49 līmes 26.01.26
A47: 315 | B47: 46050 | C47: 14:53:13 | D47: Dāvis Estrich Limeni Jaunā Brigāde | E47: Iespējams dienas ieraksts | F47: Raiņa iela 2A, Iecava | H47: Nē | I47: Iecava, Raiņa iela 2A 290m2 estrich + plēve 85maisi cements 27.01. - 28.01.
A48: 316 | B48: 46050 | C48: 19:46:31 | D48: Ronalds Gatavotājs TW Pumpists | E48: Iespējams dienas ieraksts | F48: Jūrmalas gatve 51 | H48: Nē | I48: Jūrmalas gatve 51 28 līmes 28.01.26
A49: 317 | B49: 46050 | C49: 20:03:29 | D49: Artis Expon Briško | E49: Iespējams dienas ieraksts | F49: Bērzaunes iela 15 | H49: Nē | I49: 27.01. Berzaunes 15 Estrich 70m² 28.01. Dārza 10b Estrich 70m²
A50: 318 | B50: 46051 | C50: 13:52:48 | D50: Dāvis Estrich Limeni Jaunā Brigāde | E50: Iespējams dienas ieraksts | F50: Raiņa iela 2A, Iecava | H50: Nē | I50: Iecava, Raiņa iela 2A 110m2 estrich + plēve 30 maisi cements 29.01
A51: 319 | B51: 46051 | C51: 20:35:45 | D51: Ronalds Gatavotājs TW Pumpists | E51: Iespējams dienas ieraksts | F51: Kadaga | H51: Nē | I51: Kadaga 331 m2 77 līmes 29.01.26
A52: 320 | B52: 46052 | C52: 17:44:25 | D52: Ronalds Gatavotājs TW Pumpists | E52: Iespējams dienas ieraksts | F52: Kadaga | H52: Nē | I52: Kadaga 264 m2 68 līmes. 30.01.26 Objekts pabeigts.
A53: 321 | B53: 46053 | C53: 18:31:34 | D53: Ronalds Gatavotājs TW Pumpists | E53: Iespējams dienas ieraksts | F53: Barona iela 119 | H53: Nē | I53: Barona iela 305 m2 94 līmes 31.01.26.
A54: 322 | B54: 46055 | C54: 10:50:33 | D54: Edijs Vinvalks Limeni | E54: Cita sarakste | F54: Jānosaka projekts | H54: Nē | I54: Gundars TW Staravoitovs added Edijs Vinvalks Limeni
A55: 323 | B55: 46056 | C55: 07:54:51 | D55: Ronalds Gatavotājs TW Pumpists | E55: Iespējams dienas ieraksts | F55: Barona iela 119 | H55: Nē | I55: Barona iela 203 m2 71 līme 02.02.26.
A56: 324 | B56: 46056 | C56: 18:31:19 | D56: Ronalds Gatavotājs TW Pumpists | E56: Iespējams dienas ieraksts | F56: Barona iela 119 | H56: Nē | I56: Barona iela 343 m2 76 līmes 03.02.26
A57: 325 | B57: 46056 | C57: 18:35:59 | D57: Dāvis Estrich Limeni Jaunā Brigāde | E57: Multivide piesaistīta ierakstam | F57: Jānosaka projekts | G57: 00000325-PHOTO-2026-02-03-18-35-59.jpg | H57: Nē | I57: <attached: 00000325-PHOTO-2026-02-03-18-35-59.jpg>
A58: 326 | B58: 46056 | C58: 18:36:00 | D58: Dāvis Estrich Limeni Jaunā Brigāde | E58: Multivide piesaistīta ierakstam | F58: Jānosaka projekts | G58: 00000326-PHOTO-2026-02-03-18-36-00.jpg | H58: Nē | I58: <attached: 00000326-PHOTO-2026-02-03-18-36-00.jpg>
A59: 327 | B59: 46056 | C59: 18:37:11 | D59: Dāvis Estrich Limeni Jaunā Brigāde | E59: Iespējams dienas ieraksts | F59: Dārzciema iela 16 | H59: Nē | I59: Dārzciema iela 16 213m2 Thermo / 11cm slānis 120maisi līme 03.02.26
A60: 328 | B60: 46057 | C60: 21:36:32 | D60: Dāvis Estrich Limeni Jaunā Brigāde | E60: Cita sarakste | F60: Jānosaka projekts | H60: Nē
A61: 329 | B61: 46057 | C61: 21:36:32 | D61: Dāvis Estrich Limeni Jaunā Brigāde | E61: Iespējams dienas ieraksts | F61: Dārzciema iela 86 | G61: 00000329-PHOTO-2026-02-04-21-36-32.jpg | H61: Nē | I61: 4. Un 3. Stāvs Dārzciema iela 86 249m2 Thermo 85maisi līme 04.02.26 <attached: 00000329-PHOTO-2026-02-04-21-36-32.jpg>
A62: 330 | B62: 46057 | C62: 21:36:32 | D62: Dāvis Estrich Limeni Jaunā Brigāde | E62: Multivide piesaistīta ierakstam | F62: Jānosaka projekts | G62: 00000330-PHOTO-2026-02-04-21-36-32.jpg | H62: Nē | I62: <attached: 00000330-PHOTO-2026-02-04-21-36-32.jpg>
A63: 331 | B63: 46057 | C63: 21:36:33 | D63: Dāvis Estrich Limeni Jaunā Brigāde | E63: Multivide piesaistīta ierakstam | F63: Jānosaka projekts | G63: 00000331-PHOTO-2026-02-04-21-36-33.jpg | H63: Nē | I63: <attached: 00000331-PHOTO-2026-02-04-21-36-33.jpg>
A64: 332 | B64: 46057 | C64: 21:36:33 | D64: Dāvis Estrich Limeni Jaunā Brigāde | E64: Iespējams dienas ieraksts | F64: Dārzciema iela 86 | G64: 00000332-PHOTO-2026-02-04-21-36-33.jpg | H64: Nē | I64: 4. Un 3. Stāvs Dārzciema iela 86 249m2 Thermo 85maisi līme 04.02.26 <attached: 00000332-PHOTO-2026-02-04-21-36-33.jpg>
A65: 333 | B65: 46057 | C65: 22:40:21 | D65: Ronalds Gatavotājs TW Pumpists | E65: Iespējams dienas ieraksts | F65: Raiņa iela 2A, Iecava | H65: Nē | I65: Iecava Raiņa iela 495 m2 177 līmes 04.02.26.
A66: 334 | B66: 46058 | C66: 18:32:53 | D66: Ronalds Gatavotājs TW Pumpists | E66: Iespējams dienas ieraksts | F66: Dārzciema ielā | H66: Nē | I66: Dārzciema ielā 33 līm 59m2 + Aizpūtām bedres
A67: 335 | B67: 46059 | C67: 07:50:09 | D67: Granulas 8eur/gab. | E67: Iespējams dienas ieraksts | F67: Barona iela 119 | G67: 00000335-PHOTO-2026-02-06-07-50-09.jpg | H67: Nē | I67: Barona iela 119 Pagrabs 72m2 Cements34 05.02.2026 <attached: 00000335-PHOTO-2026-02-06-07-50-09.jpg>
A68: 336 | B68: 46059 | C68: 15:20:25 | D68: Artis Expon Briško | E68: Iespējams dienas ieraksts | F68: Krustabaznīcas iela | H68: Nē | I68: 5.02 Krustabaznīcas 11 TW 190m² 6.02 Krustabaznīcas 11 TW 170m²
A69: 337 | B69: 46059 | C69: 16:32:55 | D69: Granulas 8eur/gab. | E69: Iespējams dienas ieraksts | F69: Barona iela 119 | G69: 00000337-PHOTO-2026-02-06-16-32-55.jpg | H69: Nē | I69: Barona iela119 Pagrabs 80m2 Cements35 06.02.2026 <attached: 00000337-PHOTO-2026-02-06-16-32-55.jpg>
A70: 338 | B70: 46059 | C70: 18:01:37 | D70: Dāvis Estrich Limeni Jaunā Brigāde | E70: Iespējams dienas ieraksts | F70: Barona iela 119 | H70: Nē | I70: Barona iela 119 217m2 estrich 6.stavs 105maisi cements 06.02.26
A71: 339 | B71: 46059 | C71: 18:46:48 | D71: Ronalds Gatavotājs TW Pumpists | E71: Iespējams dienas ieraksts | F71: Dārciema iela | H71: Nē | I71: Dārciema iela 411 m2 110 limes 06.02.26.
A72: 340 | B72: 46060 | C72: 20:01:27 | D72: Dāvis Estrich Limeni Jaunā Brigāde | E72: Iespējams dienas ieraksts | F72: Barona iela 119 | G72: 00000340-PHOTO-2026-02-07-20-01-27.jpg | H72: Nē | I72: Barona iela 119 150m2 estrich + plēve 6.stāvs 10 cm slānis 75maisi cements 07.02.26 <attached: 00000340-PHOTO-2026-02-07-20-01-27.jpg>
A73: 341 | B73: 46060 | C73: 21:45:26 | D73: Granulas 8eur/gab. | E73: Cita sarakste | F73: Jānosaka projekts | H73: Nē
A74: 342 | B74: 46060 | C74: 21:45:26 | D74: Granulas 8eur/gab. | E74: Iespējams dienas ieraksts | F74: Barona iela 119 | G74: 00000342-PHOTO-2026-02-07-21-45-26.jpg | H74: Nē | I74: Barona iela 119 Pagrabs 195m2 Cements 78 07.02.2026 <attached: 00000342-PHOTO-2026-02-07-21-45-26.jpg>
A75: 343 | B75: 46060 | C75: 21:45:26 | D75: Granulas 8eur/gab. | E75: Multivide piesaistīta ierakstam | F75: Jānosaka projekts | G75: 00000343-PHOTO-2026-02-07-21-45-26.jpg | H75: Nē | I75: <attached: 00000343-PHOTO-2026-02-07-21-45-26.jpg>
A76: 344 | B76: 46061 | C76: 19:43:58 | D76: Granulas 8eur/gab. | E76: Iespējams dienas ieraksts | F76: Barona iela 119 | G76: 00000344-PHOTO-2026-02-08-19-43-58.jpg | H76: Nē | I76: Barona iela 119 Pagrabs Estrich 105m2 + putuplastu likšana 30m2 2 kārtās Cements42 08.02.2026 <attached: 00000344-PHOTO-2026-02-08-19-43-58.jpg>
A77: 345 | B77: 46062 | C77: 18:54:15 | D77: Ronalds Gatavotājs TW Pumpists | E77: Iespējams dienas ieraksts | F77: Dārzciema iela 86 | H77: Nē | I77: Dārzciema ielā 86 345 m2 56 līmes 09.02.26
A78: 346 | B78: 46063 | C78: 20:09:39 | D78: Dāvis Estrich Limeni Jaunā Brigāde | E78: Iespējams dienas ieraksts | F78: Dārzciema iela 86 | G78: 00000346-PHOTO-2026-02-10-20-09-39.jpg | H78: Nē | I78: Dārzciema iela 86 172m2 estrich 40maisi cements 10.02.26 <attached: 00000346-PHOTO-2026-02-10-20-09-39.jpg>
A79: 347 | B79: 46063 | C79: 20:09:40 | D79: Dāvis Estrich Limeni Jaunā Brigāde | E79: Iespējams dienas ieraksts | F79: Dārzciema iela 86 | G79: 00000347-PHOTO-2026-02-10-20-09-40.jpg | H79: Nē | I79: Dārzciema iela 86 172m2 estrich 40maisi cements 10.02.26 <attached: 00000347-PHOTO-2026-02-10-20-09-40.jpg>
A80: 348 | B80: 46063 | C80: 21:10:36 | D80: Ronalds Gatavotājs TW Pumpists | E80: Iespējams dienas ieraksts | F80: Dārzciema iela | H80: Nē | I80: Dārzciema iela 384 m2 71 līme 10.02.26
A81: 349 | B81: 46063 | C81: 22:23:56 | D81: Granulas 8eur/gab. | E81: Iespējams dienas ieraksts | F81: Pasta iela 63 Jelgava | H81: Nē | I81: Pasta iela 63 Jelgava 175m2 Līme 135 10.02.26
A82: 350 | B82: 46064 | C82: 18:42:05 | D82: Dāvis Estrich Limeni Jaunā Brigāde | E82: Iespējams dienas ieraksts | F82: Dārzciema iela 86 | G82: 00000350-PHOTO-2026-02-11-18-42-05.jpg | H82: Nē | I82: Dārzciema iela 86 232m2 estrich 55maisi cements 11.02.26 <attached: 00000350-PHOTO-2026-02-11-18-42-05.jpg>
A83: 351 | B83: 46064 | C83: 18:42:06 | D83: Dāvis Estrich Limeni Jaunā Brigāde | E83: Iespējams dienas ieraksts | F83: Dārzciema iela 86 | G83: 00000351-PHOTO-2026-02-11-18-42-06.jpg | H83: Nē | I83: Dārzciema iela 86 232m2 estrich 55maisi cements 11.02.26 <attached: 00000351-PHOTO-2026-02-11-18-42-06.jpg>
A84: 352 | B84: 46064 | C84: 21:48:14 | D84: Granulas 8eur/gab. | E84: Iespējams dienas ieraksts | F84: Barona iela 119 | G84: 00000352-PHOTO-2026-02-11-21-48-14.jpg | H84: Nē | I84: Barona iela 119 6.Stāvs Estrich 110m2 Cements 57 10cm slānis 11.02.2026 <attached: 00000352-PHOTO-2026-02-11-21-48-14.jpg>
A85: 353 | B85: 46064 | C85: 22:04:58 | D85: Ronalds Gatavotājs TW Pumpists | E85: Iespējams dienas ieraksts | F85: Dārzciema iela | H85: Nē | I85: Dārzciema iela 345 m2 61 līmē 11.02.26
A86: 354 | B86: 46064 | C86: 22:05:42 | D86: Limeni! | E86: Cita sarakste | F86: Lūdzu iezīmē plānā kas tika izdarīts, tas svarīgi man.🙏 | H86: Nē | I86: Lūdzu iezīmē plānā kas tika izdarīts, tas svarīgi man.🙏
A87: 355 | B87: 46065 | C87: 09:06:40 | D87: Kristers Cebulis | E87: Cita sarakste | F87: Jānosaka projekts | H87: Nē | I87: Gundars TW Staravoitovs added Kristers Cebulis
A88: 356 | B88: 46065 | C88: 09:16:14 | D88: Kristers Cebulis | E88: Multivide jāpārskata | F88: Dārzciema iela 86 | G88: 00000356-PHOTO-2026-02-12-09-16-14.jpg | H88: Nē | I88: Rolis TW 2dien un 3dien iepūstās zonas Dārzciema ielā 86 , 2 stāvs <attached: 00000356-PHOTO-2026-02-12-09-16-14.jpg>
A89: 357 | B89: 46065 | C89: 09:17:12 | D89: Kristers Cebulis | E89: Multivide jāpārskata | F89: Dārzciema iela 86 | G89: 00000357-PHOTO-2026-02-12-09-17-12.jpg | H89: Nē | I89: Rolis TW , 1dien (09.02.26) iepūstās zonas , Dārzciema iela 86 3 stāvs . <attached: 00000357-PHOTO-2026-02-12-09-17-12.jpg>
A90: 358 | B90: 46065 | C90: 18:20:22 | D90: Granulas 8eur/gab. | E90: Iespējams dienas ieraksts | F90: Barona iela 119 | G90: 00000358-PHOTO-2026-02-12-18-20-22.jpg | H90: Nē | I90: Barona iela 119 6.stāvs, pabeidzām! 60m2 10cm slānis Cements 31maiss 12.02.2026 <attached: 00000358-PHOTO-2026-02-12-18-20-22.jpg>
A91: 359 | B91: 46065 | C91: 18:35:59 | D91: Kristers Cebulis | E91: Iespējams dienas ieraksts | F91: Expon | G91: 00000359-PHOTO-2026-02-12-18-35-59.jpg | H91: Nē | I91: Expon 4 stāvs Dārzciema iela 86 (11.02.26 2 brigādes) (12.02.26 1 brigāde ) 427m2 <attached: 00000359-PHOTO-2026-02-12-18-35-59.jpg>
A92: 360 | B92: 46065 | C92: 18:37:37 | D92: Limeni! | E92: Cita sarakste | F92: cik m2? | H92: Nē | I92: cik m2?
A93: 361 | B93: 46065 | C93: 18:38:10 | D93: Kristers Cebulis | E93: Iespējams dienas ieraksts | F93: Jānosaka projekts | H93: Nē | I93: 427m2
A94: 362 | B94: 46065 | C94: 18:51:00 | D94: Ronalds Gatavotājs TW Pumpists | E94: Iespējams dienas ieraksts | F94: Barona iela 119 | H94: Nē | I94: Barona iela 215 m2 60 līmes 2 stāvs 12.02.26
A95: 363 | B95: 46065 | C95: 18:51:45 | D95: Ronalds Gatavotājs TW Pumpists | E95: Multivide piesaistīta ierakstam | F95: Jānosaka projekts | G95: 00000363-PHOTO-2026-02-12-18-51-45.jpg | H95: Nē | I95: <attached: 00000363-PHOTO-2026-02-12-18-51-45.jpg>
A96: 364 | B96: 46065 | C96: 18:52:38 | D96: Ronalds Gatavotājs TW Pumpists | E96: Datuma turpinājums | F96: Jānosaka projekts | H96: Nē | I96: 12.02.26
A97: 365 | B97: 46065 | C97: 19:32:07 | D97: Dāvis Estrich Limeni Jaunā Brigāde | E97: Iespējams dienas ieraksts | F97: Dārzciema iela 86 | G97: 00000365-PHOTO-2026-02-12-19-32-07.jpg | H97: Nē | I97: Dārzciema iela 86 135m2 estrich 40maisi cements 2.stāvs <attached: 00000365-PHOTO-2026-02-12-19-32-07.jpg>
A98: 366 | B98: 46065 | C98: 19:32:08 | D98: Dāvis Estrich Limeni Jaunā Brigāde | E98: Iespējams dienas ieraksts | F98: Dārzciema iela 86 | G98: 00000366-PHOTO-2026-02-12-19-32-08.jpg | H98: Nē | I98: Dārzciema iela 86 135m2 estrich 40maisi cements 2.stāvs <attached: 00000366-PHOTO-2026-02-12-19-32-08.jpg>
A99: 367 | B99: 46066 | C99: 07:16:32 | D99: Artis Expon Briško | E99: Iespējams dienas ieraksts | F99: Krustabaznīcas iela | G99: 00000367-PHOTO-2026-02-13-07-16-32.jpg | H99: Nē | I99: 12.02 Krustabaznīcas 11 78m² 10cm slānis <attached: 00000367-PHOTO-2026-02-13-07-16-32.jpg>
A100: 368 | B100: 46066 | C100: 17:37:54 | D100: Dāvis Estrich Limeni Jaunā Brigāde | E100: Iespējams dienas ieraksts | F100: Dārzciema iela 86 | G100: 00000368-PHOTO-2026-02-13-17-37-54.jpg | H100: Nē | I100: Dārzciema iela 86 235m2 estrich 60maisi cements 3.stāvs 13.02.26 <attached: 00000368-PHOTO-2026-02-13-17-37-54.jpg>
A101: 369 | B101: 46066 | C101: 17:47:47 | D101: Artis Expon Briško | E101: Iespējams dienas ieraksts | F101: Krustabaznīcas iela | G101: 00000369-PHOTO-2026-02-13-17-47-47.jpg | H101: Nē | I101: Krustabaznīcas 11 Estrich 100m² <attached: 00000369-PHOTO-2026-02-13-17-47-47.jpg>
A102: 370 | B102: 46066 | C102: 20:36:31 | D102: Granulas 8eur/gab. | E102: Iespējams dienas ieraksts | F102: Raiņa iela 2A, Iecava | G102: 00000370-PHOTO-2026-02-13-20-36-31.jpg | H102: Nē | I102: Raiņa iela 2, Iecava 168m2 Estrich +Plēve 49 maisi cements 13.02.2026 <attached: 00000370-PHOTO-2026-02-13-20-36-31.jpg>
A103: 371 | B103: 46066 | C103: 21:26:11 | D103: Ronalds Gatavotājs TW Pumpists | E103: Iespējams dienas ieraksts | F103: Barona iela 119 | H103: Nē | I103: Barona iela 264 m2 61 līme 13.02.26
A104: 372 | B104: 46066 | C104: 21:26:18 | D104: Ronalds Gatavotājs TW Pumpists | E104: Multivide piesaistīta ierakstam | F104: Jānosaka projekts | G104: 00000372-PHOTO-2026-02-13-21-26-18.jpg | H104: Nē | I104: <attached: 00000372-PHOTO-2026-02-13-21-26-18.jpg>
A105: 373 | B105: 46067 | C105: 18:36:33 | D105: Granulas 8eur/gab. | E105: Iespējams dienas ieraksts | F105: Raiņa iela 2A, Iecava | G105: 00000373-PHOTO-2026-02-14-18-36-33.jpg | H105: Nē | I105: Raiņa iela 2, Iecava 168m2 Estrich+ Plēve+ TW 15m2 50 cementa maisi 14.02.2026 <attached: 00000373-PHOTO-2026-02-14-18-36-33.jpg>
A106: 374 | B106: 46068 | C106: 17:13:33 | D106: Granulas 8eur/gab. | E106: Iespējams dienas ieraksts | F106: Raiņa iela 2A, Iecava | G106: 00000374-PHOTO-2026-02-15-17-13-33.jpg | H106: Nē | I106: Raiņa iela 2, Iecava 168m2 Estrich + Plēve 49 cementa maisi 15.02.2026 <attached: 00000374-PHOTO-2026-02-15-17-13-33.jpg>
A107: 375 | B107: 46068 | C107: 19:45:41 | D107: Ronalds Gatavotājs TW Pumpists | E107: Iespējams dienas ieraksts | F107: Lietuva | H107: Nē | I107: 14.02.26 Lietuva 49 līmes
A108: 376 | B108: 46069 | C108: 19:24:49 | D108: Dāvis Estrich Limeni Jaunā Brigāde | E108: Iespējams dienas ieraksts | F108: Dārzciema iela 86 | G108: 00000376-PHOTO-2026-02-16-19-24-49.jpg | H108: Nē | I108: Dārzciema iela 86 207m2 estrich 65maisi cements 2.stāvs 16.02.26 <attached: 00000376-PHOTO-2026-02-16-19-24-49.jpg>
A109: 377 | B109: 46069 | C109: 19:24:51 | D109: Dāvis Estrich Limeni Jaunā Brigāde | E109: Iespējams dienas ieraksts | F109: Dārzciema iela 86 | G109: 00000377-PHOTO-2026-02-16-19-24-51.jpg | H109: Nē | I109: Dārzciema iela 86 207m2 estrich 65maisi cements 2.stāvs 16.02.26 <attached: 00000377-PHOTO-2026-02-16-19-24-51.jpg>
A110: 378 | B110: 46070 | C110: 11:37:44 | D110: Granulas 8eur/gab. | E110: Iespējams dienas ieraksts | F110: Jelgava, pasta iela 63 | H110: Nē | I110: Jelgava, pasta iela 63 2.stāvs TW 175m2 107līme 16.02.2026
A111: 379 | B111: 46071 | C111: 21:02:50 | D111: Ronalds Gatavotājs TW Pumpists | E111: Iespējams dienas ieraksts | F111: Jānosaka projekts | H111: Nē | I111: 16.02 83 līmes 330m2 17.02 179 līmes 200 m2 18.02. 50 līmes 200 m2
A112: 380 | B112: 46071 | C112: 21:03:01 | D112: Ronalds Gatavotājs TW Pumpists | E112: Cita sarakste | F112: Lubāna | H112: Nē | I112: Lubāna
...

Sheet Norādes
A1: Kā pārbaudīt šo pirmsimporta failu
A2: Fails paredzēts kopīgai pārbaudei pirms jebkādas augšupielādes WorksRecorded.
A4: Tēma | B4: Noteikums / skaidrojums
A5: Mērķis | B5: Pirms importa pārbaudīt 2026. gada WhatsApp darba atskaites un projekta nosaukumu grupējumu.
A6: Drošība | B6: Šis fails neveic importu un nemaina WorksRecorded datus.
A7: Ieraksta vienība | B7: Viena rinda parasti atbilst vienam ziņā atrastam m² apjomam. Ziņas ar vairākiem m² var radīt vairākas rindas.
A8: Darba datums | B8: Izmantots ziņā skaidri norādītais datums; ja tāda nav, izmantots WhatsApp ziņas datums. Lielas atšķirības ir atzīmētas.
A9: Projekts | B9: Nosaukumi normalizēti ar piesardzīgiem aliasu noteikumiem. Neskaidrie paliek kā “Jānosaka projekts”.
A10: Darbinieki | B10: Darbinieku skaits netiek izdomāts. Ja avotā nav skaita, tas nav aizpildīts.
A11: Multivide | B11: Faili no tās pašas ziņas ir piesaistīti tieši. Atsevišķas multivides ziņas piesaistītas tikai pēc laika tuvuma un vienmēr jāapstiprina.
A12: Importa darbība | B12: “Iekļaut” ir sākotnējs ieteikums; “Pārskatīt” prasa manuālu pārbaudi. Mainiet šo kolonnu pēc pārbaudes.
A13: Avota saglabāšana | B13: Pilns ziņas teksts un avota ziņas numurs ļauj katru rindas vērtību izsekot līdz eksportam.
A14: Ieteicamā pārbaudes secība | B14: 1) Projekti un aliasi; 2) Pārskatīšana; 3) multivide; 4) darba datumi; 5) apjomi un materiāli.
